"State","County","Year","Days with AQI","Good Days","Moderate Days","Unhealthy for Sensitive Groups Days","Unhealthy Days","Very Unhealthy Days","Hazardous Days","Max AQI","90th Percentile AQI","Median AQI","Days CO","Days NO2","Days Ozone","Days PM2.5","Days PM10"
"Alabama","Baldwin",2024,210,181,29,0,0,0,0,84,53,39,0,0,98,112,0
"Alabama","Clay",2024,212,176,36,0,0,0,0,75,53,29,0,0,0,212,0
"Alabama","DeKalb",2024,244,182,62,0,0,0,0,87,58,44,0,0,170,74,0
"Alabama","Elmore",2024,144,142,2,0,0,0,0,58,47,37,0,0,144,0,0
"Alabama","Etowah",2024,212,125,87,0,0,0,0,93,61,47,0,0,57,155,0
"Alabama","Jefferson",2024,22,16,6,0,0,0,0,88,67,40,0,0,0,22,0
"Alabama","Lawrence",2024,17,14,3,0,0,0,0,72,57,19,0,0,0,17,0
"Alabama","Madison",2024,181,124,57,0,0,0,0,89,58,44,0,0,76,105,0
"Alabama","Mobile",2024,212,135,77,0,0,0,0,80,58,46,0,0,59,152,1
"Alabama","Montgomery",2024,205,138,67,0,0,0,0,75,57,44,0,0,67,137,1
"Alabama","Morgan",2024,213,144,69,0,0,0,0,79,59,45,0,0,72,141,0
"Alabama","Russell",2024,168,137,31,0,0,0,0,98,55,42,0,0,117,51,0
"Alabama","Shelby",2024,153,141,12,0,0,0,0,97,48,39,0,0,153,0,0
"Alabama","Sumter",2024,213,185,28,0,0,0,0,72,52,35,0,0,86,127,0
"Alabama","Tuscaloosa",2024,212,185,25,2,0,0,0,125,53,36,0,0,108,104,0
"Alaska","Aleutians East ",2024,20,19,1,0,0,0,0,53,46,19,0,0,0,20,0
"Alaska","Anchorage ",2024,183,145,38,0,0,0,0,80,58,24,6,0,0,98,79
"Alaska","Denali ",2024,243,240,3,0,0,0,0,58,44,36,0,0,243,0,0
"Alaska","Fairbanks North Star ",2024,183,97,68,11,5,1,1,325,99,48,1,0,65,116,1
"Alaska","Juneau ",2024,175,150,25,0,0,0,0,73,54,24,0,0,0,175,0
"Alaska","Kenai Peninsula ",2024,20,20,0,0,0,0,0,16,14,7,0,0,0,20,0
"Alaska","Matanuska-Susitna ",2024,177,159,18,0,0,0,0,74,51,16,0,0,0,154,23
"Alaska","North Slope ",2024,20,20,0,0,0,0,0,32,22,8,0,0,0,20,0
"Arizona","Apache",2024,270,270,0,0,0,0,0,49,26,12,0,0,0,19,251
"Arizona","Cochise",2024,274,163,98,11,1,0,1,307,80,49,0,0,231,0,43
"Arizona","Coconino",2024,273,172,96,5,0,0,0,136,77,47,0,0,273,0,0
"Arizona","Gila",2024,274,123,122,27,2,0,0,159,101,54,0,0,259,0,15
"Arizona","La Paz",2024,271,142,125,4,0,0,0,105,77,50,0,0,267,4,0
"Arizona","Maricopa",2024,275,47,194,30,3,1,0,261,107,70,1,1,197,61,15
"Arizona","Mohave",2024,268,264,4,0,0,0,0,69,30,19,0,0,0,0,268
"Arizona","Navajo",2024,274,274,0,0,0,0,0,45,19,11,0,0,0,6,268
"Arizona","Pima",2024,275,105,159,9,2,0,0,171,90,58,1,0,201,43,30
"Arizona","Pinal",2024,260,81,147,30,1,1,0,289,108,64,0,0,182,34,44
"Arizona","Santa Cruz",2024,270,203,64,2,0,0,1,494,63,38,0,0,0,216,54
"Arizona","Yavapai",2024,273,145,126,2,0,0,0,115,84,50,0,0,273,0,0
"Arizona","Yuma",2024,274,169,103,2,0,0,0,102,74,46,0,0,177,47,50
"Arkansas","Arkansas",2024,91,54,37,0,0,0,0,98,59,46,0,0,0,91,0
"Arkansas","Ashley",2024,92,57,35,0,0,0,0,96,60,43,0,0,0,92,0
"Arkansas","Clark",2024,238,223,15,0,0,0,0,67,48,36,0,0,238,0,0
"Arkansas","Crittenden",2024,274,218,51,5,0,0,0,133,59,42,0,1,225,48,0
"Arkansas","Garland",2024,77,40,37,0,0,0,0,97,62,50,0,0,0,77,0
"Arkansas","Jackson",2024,89,64,25,0,0,0,0,95,58,39,0,0,0,89,0
"Arkansas","Newton",2024,274,262,12,0,0,0,0,79,48,39,0,0,269,5,0
"Arkansas","Polk",2024,232,180,51,0,1,0,0,167,57,41,0,0,161,71,0
"Arkansas","Pulaski",2024,275,104,167,3,0,1,0,205,74,53,1,0,56,218,0
"Arkansas","Union",2024,92,47,45,0,0,0,0,93,63,49,0,0,0,92,0
"Arkansas","Washington",2024,274,226,47,1,0,0,0,101,54,43,0,0,219,55,0
"California","Alameda",2024,61,52,9,0,0,0,0,63,55,39,1,2,18,40,0
"California","Amador",2024,179,152,27,0,0,0,0,100,61,39,0,0,179,0,0
"California","Butte",2024,193,145,48,0,0,0,0,93,61,42,1,0,145,46,1
"California","Calaveras",2024,151,121,29,1,0,0,0,101,64,41,0,0,121,30,0
"California","Colusa",2024,274,36,238,0,0,0,0,75,62,55,0,0,16,258,0
"California","Contra Costa",2024,61,42,19,0,0,0,0,67,58,42,1,0,13,47,0
"California","Del Norte",2024,129,108,21,0,0,0,0,66,53,34,0,0,0,129,0
"California","El Dorado",2024,182,141,36,5,0,0,0,115,67,41,0,0,178,1,3
"California","Fresno",2024,244,73,131,33,7,0,0,169,115,61,0,0,162,80,2
"California","Glenn",2024,152,138,14,0,0,0,0,61,50,38,0,0,112,38,2
"California","Humboldt",2024,305,269,36,0,0,0,0,86,52,35,0,0,110,188,7
"California","Imperial",2024,192,65,107,20,0,0,0,136,101,56,0,1,113,53,25
"California","Inyo",2024,272,93,162,10,2,1,4,1322,88,59,0,0,159,57,56
"California","Kern",2024,274,74,184,15,1,0,0,156,91,61,0,0,120,105,49
"California","Kings",2024,182,86,92,3,1,0,0,156,82,52,0,0,97,80,5
"California","Lake",2024,31,31,0,0,0,0,0,36,26,15,0,0,0,31,0
"California","Los Angeles",2024,245,36,124,45,34,6,0,230,164,75,1,1,150,90,3
"California","Madera",2024,182,119,60,3,0,0,0,122,64,45,0,0,132,50,0
"California","Marin",2024,61,59,2,0,0,0,0,59,38,29,1,3,47,10,0
"California","Mariposa",2024,244,175,65,4,0,0,0,133,77,45,0,0,232,12,0
"California","Merced",2024,182,110,67,5,0,0,0,133,74,47,0,0,124,57,1
"California","Mono",2024,182,170,12,0,0,0,0,69,40,18,0,0,0,91,91
"California","Monterey",2024,183,150,33,0,0,0,0,68,54,39,1,0,115,65,2
"California","Nevada",2024,182,159,23,0,0,0,0,97,51,34,0,0,135,47,0
"California","Orange",2024,245,105,133,7,0,0,0,126,71,52,1,8,102,133,1
"California","Placer",2024,213,116,82,15,0,0,0,140,93,49,0,0,163,50,0
"California","Plumas",2024,184,89,92,3,0,0,0,107,84,52,0,0,0,184,0
"California","Riverside",2024,245,37,114,52,35,7,0,213,174,84,1,0,157,65,22
"California","Sacramento",2024,243,167,73,3,0,0,0,119,62,44,0,0,115,128,0
"California","San Benito",2024,244,181,62,1,0,0,0,105,58,42,0,0,179,65,0
"California","San Bernardino",2024,245,40,107,34,43,21,0,227,187,87,1,2,173,59,10
"California","San Diego",2024,254,124,111,18,1,0,0,159,93,51,0,0,203,51,0
"California","San Francisco",2024,60,60,0,0,0,0,0,38,33,29,0,26,34,0,0
"California","San Joaquin",2024,182,118,64,0,0,0,0,90,65,44,0,0,70,109,3
"California","San Luis Obispo",2024,182,128,53,1,0,0,0,101,64,44,0,0,146,36,0
"California","San Mateo",2024,61,42,19,0,0,0,0,64,56,44,1,0,10,50,0
"California","Santa Barbara",2024,183,126,56,1,0,0,0,108,57,44,1,0,100,79,3
"California","Santa Clara",2024,61,44,17,0,0,0,0,80,56,37,1,1,28,31,0
"California","Santa Cruz",2024,182,151,31,0,0,0,0,66,53,39,0,0,74,108,0
"California","Shasta",2024,211,178,32,1,0,0,0,108,54,43,0,0,184,18,9
"California","Siskiyou",2024,17,17,0,0,0,0,0,11,9,3,0,0,0,17,0
"California","Solano",2024,274,255,19,0,0,0,0,80,48,37,0,2,250,22,0
"California","Sonoma",2024,182,181,1,0,0,0,0,53,34,14,2,0,44,14,122
"California","Stanislaus",2024,184,109,71,4,0,0,0,143,74,47,0,0,109,74,1
"California","Sutter",2024,182,139,41,2,0,0,0,105,58,44,0,0,142,40,0
"California","Tehama",2024,182,151,30,1,0,0,0,105,64,38,0,0,156,26,0
"California","Trinity",2024,174,141,32,1,0,0,0,113,55,26,0,0,0,174,0
"California","Tulare",2024,244,72,102,54,16,0,0,185,140,65,0,0,172,71,1
"California","Tuolumne",2024,178,160,17,1,0,0,0,101,51,38,0,0,178,0,0
"California","Ventura",2024,213,120,89,4,0,0,0,122,68,48,0,0,136,76,1
"California","Yolo",2024,274,204,70,0,0,0,0,90,60,43,0,0,187,87,0
"Colorado","Adams",2024,274,111,141,20,2,0,0,161,100,54,0,18,174,54,28
"Colorado","Alamosa",2024,243,228,15,0,0,0,0,98,39,23,0,0,0,201,42
"Colorado","Arapahoe",2024,244,116,111,15,2,0,0,161,93,51,0,0,232,12,0
"Colorado","Archuleta",2024,304,295,9,0,0,0,0,64,44,32,0,0,213,0,91
"Colorado","Boulder",2024,274,165,99,9,1,0,0,154,80,48,0,0,169,95,10
"Colorado","Clear Creek",2024,236,120,106,10,0,0,0,136,87,50,0,0,236,0,0
"Colorado","Denver",2024,285,111,146,25,3,0,0,172,100,55,0,28,161,96,0
"Colorado","Douglas",2024,271,139,107,21,4,0,0,166,100,50,0,0,224,47,0
"Colorado","El Paso",2024,274,141,119,12,2,0,0,166,84,50,0,0,224,50,0
"Colorado","Fremont",2024,274,273,1,0,0,0,0,51,26,13,0,0,0,0,274
"Colorado","Garfield",2024,274,178,93,3,0,0,0,133,71,48,0,0,269,5,0
"Colorado","Gilpin",2024,243,144,87,12,0,0,0,150,84,49,0,0,243,0,0
"Colorado","Gunnison",2024,243,150,93,0,0,0,0,100,71,48,0,0,243,0,0
"Colorado","Jackson",2024,180,157,23,0,0,0,0,77,51,45,0,0,170,10,0
"Colorado","Jefferson",2024,244,103,105,29,7,0,0,174,108,58,0,0,244,0,0
"Colorado","La Plata",2024,305,181,123,1,0,0,0,101,74,48,0,2,293,10,0
"Colorado","Larimer",2024,274,124,127,21,2,0,0,161,93,54,0,0,214,60,0
"Colorado","Mesa",2024,273,222,51,0,0,0,0,90,58,42,0,0,198,71,4
"Colorado","Montezuma",2024,274,180,93,1,0,0,0,101,71,47,0,0,274,0,0
"Colorado","Pitkin",2024,159,155,4,0,0,0,0,76,36,17,0,0,0,49,110
"Colorado","Prowers",2024,274,245,29,0,0,0,0,98,51,26,0,0,0,212,62
"Colorado","Pueblo",2024,274,173,93,8,0,0,0,143,77,47,0,0,220,48,6
"Colorado","Rio Blanco",2024,182,133,49,0,0,0,0,90,64,46,0,0,180,2,0
"Colorado","Routt",2024,273,272,1,0,0,0,0,53,29,13,0,0,0,0,273
"Colorado","San Juan",2024,19,19,0,0,0,0,0,7,6,4,0,0,0,19,0
"Colorado","San Miguel",2024,269,266,3,0,0,0,0,59,27,15,0,0,0,0,269
"Colorado","Weld",2024,274,118,138,16,2,0,0,164,90,52,0,0,192,82,0
"Connecticut","Fairfield",2024,182,132,39,8,3,0,0,154,71,42,0,11,107,64,0
"Connecticut","Hartford",2024,182,143,33,5,1,0,0,185,57,39,0,8,121,53,0
"Connecticut","Litchfield",2024,181,153,22,6,0,0,0,119,58,40,2,0,170,9,0
"Connecticut","Middlesex",2024,119,100,15,3,1,0,0,177,64,41,0,0,119,0,0
"Connecticut","New Haven",2024,183,132,43,7,1,0,0,156,59,42,1,7,111,64,0
"Connecticut","New London",2024,182,158,21,3,0,0,0,122,53,38,0,0,108,74,0
"Connecticut","Tolland",2024,118,101,12,4,1,0,0,156,67,39,0,0,118,0,0
"Connecticut","Windham",2024,238,222,14,2,0,0,0,122,47,36,0,0,238,0,0
"Country Of Mexico","SONORA",2024,274,121,150,2,1,0,0,173,77,52,0,0,87,89,98
"Delaware","Kent",2024,153,113,40,0,0,0,0,93,58,43,0,0,95,58,0
"Delaware","New Castle",2024,182,117,62,3,0,0,0,115,65,44,0,0,118,64,0
"Delaware","Sussex",2024,182,149,33,0,0,0,0,87,54,42,0,0,132,50,0
"District Of Columbia","District of Columbia",2024,183,118,62,3,0,0,0,114,64,45,1,10,101,71,0
"Florida","Alachua",2024,182,155,27,0,0,0,0,94,52,41,0,0,102,80,0
"Florida","Baker",2024,182,130,52,0,0,0,0,87,56,45,0,0,57,125,0
"Florida","Bay",2024,180,93,87,0,0,0,0,72,60,49,0,0,41,139,0
"Florida","Brevard",2024,182,148,34,0,0,0,0,74,54,43,0,0,152,30,0
"Florida","Broward",2024,183,87,95,0,1,0,0,154,64,51,1,2,62,117,1
"Florida","Citrus",2024,182,126,55,0,0,1,0,272,56,44,0,0,0,182,0
"Florida","Collier",2024,182,125,57,0,0,0,0,87,58,45,0,0,70,112,0
"Florida","Columbia",2024,182,110,72,0,0,0,0,93,60,47,0,0,63,119,0
"Florida","Duval",2024,274,141,133,0,0,0,0,97,64,50,0,1,87,185,1
"Florida","Escambia",2024,182,126,56,0,0,0,0,84,59,44,0,0,107,75,0
"Florida","Flagler",2024,180,172,8,0,0,0,0,71,48,38,0,0,180,0,0
"Florida","Hamilton",2024,171,110,61,0,0,0,0,75,58,46,0,0,0,171,0
"Florida","Highlands",2024,181,151,30,0,0,0,0,77,58,41,0,0,181,0,0
"Florida","Hillsborough",2024,183,84,96,3,0,0,0,143,71,52,1,0,72,110,0
"Florida","Holmes",2024,181,105,76,0,0,0,0,72,58,48,0,0,46,135,0
"Florida","Indian River",2024,235,234,1,0,0,0,0,51,44,35,0,0,235,0,0
"Florida","Lake",2024,182,152,30,0,0,0,0,100,54,41,0,0,182,0,0
"Florida","Lee",2024,182,161,21,0,0,0,0,80,54,38,0,0,182,0,0
"Florida","Leon",2024,177,115,61,1,0,0,0,129,62,45,0,0,61,116,0
"Florida","Liberty",2024,211,208,3,0,0,0,0,54,44,32,0,0,211,0,0
"Florida","Manatee",2024,182,160,21,1,0,0,0,115,51,39,0,0,182,0,0
"Florida","Marion",2024,182,75,106,1,0,0,0,101,61,52,0,0,45,137,0
"Florida","Martin",2024,180,156,24,0,0,0,0,71,53,41,0,0,136,44,0
"Florida","Miami-Dade",2024,182,99,79,1,3,0,0,197,61,50,0,6,57,119,0
"Florida","Okaloosa",2024,182,167,15,0,0,0,0,74,50,38,0,0,179,0,3
"Florida","Orange",2024,275,204,69,2,0,0,0,121,59,42,1,1,175,98,0
"Florida","Osceola",2024,182,155,26,1,0,0,0,108,51,41,0,0,182,0,0
"Florida","Palm Beach",2024,274,177,97,0,0,0,0,76,58,45,0,0,83,191,0
"Florida","Pasco",2024,182,149,33,0,0,0,0,97,61,42,0,0,182,0,0
"Florida","Pinellas",2024,275,150,122,3,0,0,0,132,61,49,1,0,83,189,2
"Florida","Polk",2024,182,118,63,1,0,0,0,105,58,46,0,0,95,87,0
"Florida","Putnam",2024,178,164,13,1,0,0,0,112,47,22,0,0,0,0,178
"Florida","Santa Rosa",2024,182,118,64,0,0,0,0,81,59,46,0,0,72,110,0
"Florida","Sarasota",2024,274,171,102,1,0,0,0,115,63,46,0,0,101,173,0
"Florida","Seminole",2024,182,127,54,1,0,0,0,149,61,44,0,0,112,70,0
"Florida","St. Lucie",2024,181,173,8,0,0,0,0,64,48,39,0,0,181,0,0
"Florida","Volusia",2024,182,144,38,0,0,0,0,76,53,42,0,0,99,83,0
"Florida","Wakulla",2024,181,130,51,0,0,0,0,80,56,43,0,0,70,111,0
"Georgia","Bibb",2024,274,136,136,2,0,0,0,123,66,51,0,0,40,234,0
"Georgia","Charlton",2024,20,18,2,0,0,0,0,81,51,27,0,0,0,20,0
"Georgia","Chatham",2024,270,182,87,1,0,0,0,130,58,43,0,0,64,206,0
"Georgia","Chattooga",2024,182,173,9,0,0,0,0,77,49,39,0,0,182,0,0
"Georgia","Clarke",2024,272,170,100,2,0,0,0,126,63,45,0,0,90,182,0
"Georgia","Clayton",2024,169,94,73,2,0,0,0,128,64,45,0,0,0,169,0
"Georgia","Cobb",2024,272,152,120,0,0,0,0,86,65,48,0,0,63,209,0
"Georgia","Coffee",2024,269,178,90,1,0,0,0,137,59,44,0,0,0,269,0
"Georgia","Columbia",2024,131,122,9,0,0,0,0,90,49,37,0,0,131,0,0
"Georgia","Dawson",2024,214,195,18,0,1,0,0,154,49,39,0,0,214,0,0
"Georgia","DeKalb",2024,306,167,133,6,0,0,0,133,69,47,33,9,69,195,0
"Georgia","Dougherty",2024,268,164,100,4,0,0,0,121,63,46,0,0,0,268,0
"Georgia","Douglas",2024,244,208,34,2,0,0,0,133,64,41,0,0,244,0,0
"Georgia","Floyd",2024,271,187,84,0,0,0,0,89,60,38,0,0,0,271,0
"Georgia","Fulton",2024,306,162,140,4,0,0,0,129,68,49,32,14,64,196,0
"Georgia","Glynn",2024,274,225,49,0,0,0,0,84,55,38,0,0,98,176,0
"Georgia","Gwinnett",2024,274,117,156,0,1,0,0,161,72,53,0,0,51,223,0
"Georgia","Hall",2024,273,121,152,0,0,0,0,100,69,52,0,0,0,273,0
"Georgia","Henry",2024,273,195,72,6,0,0,0,133,64,42,0,0,99,174,0
"Georgia","Houston",2024,270,186,83,1,0,0,0,105,60,42,0,0,0,270,0
"Georgia","Lowndes",2024,241,156,84,1,0,0,0,110,59,43,0,0,0,241,0
"Georgia","Murray",2024,198,161,37,0,0,0,0,77,58,41,0,0,179,19,0
"Georgia","Muscogee",2024,274,150,117,7,0,0,0,127,66,49,0,0,57,217,0
"Georgia","Pike",2024,230,184,42,4,0,0,0,126,64,41,0,0,230,0,0
"Georgia","Richmond",2024,270,154,115,1,0,0,0,105,63,47,0,0,59,211,0
"Georgia","Rockdale",2024,183,158,23,2,0,0,0,115,58,40,0,0,183,0,0
"Georgia","Sumter",2024,184,169,15,0,0,0,0,84,50,39,0,0,184,0,0
"Georgia","Walker",2024,271,134,137,0,0,0,0,98,66,51,0,0,0,271,0
"Georgia","Washington",2024,269,166,102,1,0,0,0,101,62,44,0,0,0,269,0
"Hawaii","Hawaii",2024,241,237,4,0,0,0,0,57,29,20,0,0,0,241,0
"Hawaii","Honolulu",2024,183,180,3,0,0,0,0,85,42,34,1,0,108,74,0
"Hawaii","Maui",2024,182,181,0,1,0,0,0,101,38,24,0,0,0,182,0
"Idaho","Ada",2024,183,144,34,4,1,0,0,157,64,43,1,11,141,29,1
"Idaho","Bannock",2024,182,169,13,0,0,0,0,67,47,35,0,0,84,54,44
"Idaho","Benewah",2024,181,132,48,1,0,0,0,111,61,40,0,0,0,181,0
"Idaho","Blaine",2024,176,176,0,0,0,0,0,44,22,12,0,0,0,176,0
"Idaho","Boise",2024,182,150,32,0,0,0,0,76,53,29,0,0,0,182,0
"Idaho","Bonner",2024,181,173,8,0,0,0,0,73,43,22,0,0,0,161,20
"Idaho","Bonneville",2024,180,176,4,0,0,0,0,60,30,16,0,0,0,180,0
"Idaho","Butte",2024,237,188,49,0,0,0,0,97,64,44,0,0,236,1,0
"Idaho","Canyon",2024,182,158,22,1,1,0,0,152,53,28,0,0,0,178,4
"Idaho","Custer",2024,20,20,0,0,0,0,0,9,7,4,0,0,0,20,0
"Idaho","Franklin",2024,127,103,22,1,1,0,0,161,59,21,0,0,0,127,0
"Idaho","Idaho",2024,272,183,81,5,2,1,0,217,69,42,0,0,87,185,0
"Idaho","Kootenai",2024,173,173,0,0,0,0,0,48,31,17,0,0,0,173,0
"Idaho","Latah",2024,182,178,4,0,0,0,0,59,31,19,0,0,0,182,0
"Idaho","Lemhi",2024,182,140,41,1,0,0,0,111,67,19,0,0,0,182,0
"Idaho","Nez Perce",2024,272,212,56,3,1,0,0,165,63,26,0,0,0,272,0
"Idaho","Shoshone",2024,182,130,52,0,0,0,0,91,59,38,0,0,0,180,2
"Idaho","Twin Falls",2024,171,158,13,0,0,0,0,59,48,14,0,0,0,171,0
"Idaho","Valley",2024,173,158,15,0,0,0,0,73,48,27,0,0,0,173,0
"Illinois","Adams",2024,204,189,15,0,0,0,0,97,49,43,0,0,204,0,0
"Illinois","Champaign",2024,274,181,93,0,0,0,0,100,60,45,0,0,156,118,0
"Illinois","Clark",2024,272,245,27,0,0,0,0,90,50,38,0,0,272,0,0
"Illinois","Cook",2024,275,100,164,10,1,0,0,166,87,54,1,16,119,133,6
"Illinois","DuPage",2024,274,171,103,0,0,0,0,97,63,45,0,0,121,153,0
"Illinois","Effingham",2024,210,192,17,1,0,0,0,101,49,41,0,0,210,0,0
"Illinois","Hamilton",2024,274,170,103,1,0,0,0,112,61,46,0,0,101,173,0
"Illinois","Jersey",2024,241,172,68,1,0,0,0,112,61,44,0,0,143,98,0
"Illinois","Jo Daviess",2024,234,218,16,0,0,0,0,80,48,38,0,0,234,0,0
"Illinois","Kane",2024,236,178,57,1,0,0,0,105,64,42,0,0,189,47,0
"Illinois","Lake",2024,214,172,37,5,0,0,0,140,74,41,0,0,214,0,0
"Illinois","Macon",2024,274,185,88,1,0,0,0,101,60,43,0,0,122,152,0
"Illinois","Macoupin",2024,274,255,18,1,0,0,0,105,47,37,0,64,210,0,0
"Illinois","Madison",2024,274,140,128,4,2,0,0,165,74,50,0,0,127,147,0
"Illinois","McHenry",2024,274,187,86,1,0,0,0,108,61,43,0,0,133,141,0
"Illinois","McLean",2024,274,186,87,1,0,0,0,112,61,44,0,0,160,114,0
"Illinois","Peoria",2024,252,174,78,0,0,0,0,100,61,44,0,0,146,106,0
"Illinois","Randolph",2024,274,214,60,0,0,0,0,100,54,41,0,0,144,130,0
"Illinois","Rock Island",2024,274,211,63,0,0,0,0,84,55,44,0,0,159,115,0
"Illinois","Saint Clair",2024,274,158,113,3,0,0,0,112,65,47,0,2,94,178,0
"Illinois","Sangamon",2024,274,187,86,1,0,0,0,105,58,43,0,0,129,145,0
"Illinois","Will",2024,273,182,91,0,0,0,0,84,60,44,0,0,118,155,0
"Illinois","Winnebago",2024,274,190,81,3,0,0,0,119,61,44,0,0,146,128,0
"Indiana","Allen",2024,274,173,101,0,0,0,0,100,65,45,0,0,175,99,0
"Indiana","Bartholomew",2024,305,218,86,1,0,0,0,101,59,44,0,0,207,98,0
"Indiana","Boone",2024,270,229,41,0,0,0,0,93,61,40,0,0,270,0,0
"Indiana","Brown",2024,305,285,20,0,0,0,0,77,49,39,0,0,305,0,0
"Indiana","Carroll",2024,300,256,44,0,0,0,0,90,54,40,0,0,300,0,0
"Indiana","Clark",2024,295,175,116,4,0,0,0,150,64,48,0,0,145,150,0
"Indiana","Delaware",2024,305,205,100,0,0,0,0,97,62,44,0,0,187,118,0
"Indiana","Dubois",2024,274,186,88,0,0,0,0,70,59,41,0,0,0,273,1
"Indiana","Elkhart",2024,274,172,102,0,0,0,0,93,64,46,0,0,148,126,0
"Indiana","Floyd",2024,274,196,77,0,1,0,0,154,61,43,0,0,173,101,0
"Indiana","Greene",2024,270,193,77,0,0,0,0,97,57,43,0,0,153,117,0
"Indiana","Hamilton",2024,272,182,89,1,0,0,0,108,61,44,0,0,121,151,0
"Indiana","Hendricks",2024,263,245,18,0,0,0,0,80,49,37,0,0,263,0,0
"Indiana","Henry",2024,268,208,60,0,0,0,0,75,56,35,0,0,0,268,0
"Indiana","Howard",2024,274,168,106,0,0,0,0,93,64,46,0,0,164,110,0
"Indiana","Knox",2024,238,203,35,0,0,0,0,90,58,41,0,0,238,0,0
"Indiana","LaPorte",2024,274,190,82,2,0,0,0,115,67,43,0,0,218,56,0
"Indiana","Lake",2024,274,111,159,3,1,0,0,166,74,52,0,0,106,164,4
"Indiana","Madison",2024,305,218,87,0,0,0,0,97,61,44,0,0,204,101,0
"Indiana","Marion",2024,305,135,168,2,0,0,0,116,73,52,0,1,120,184,0
"Indiana","Monroe",2024,267,216,51,0,0,0,0,61,54,33,0,0,0,267,0
"Indiana","Perry",2024,240,202,38,0,0,0,0,90,54,42,0,0,240,0,0
"Indiana","Porter",2024,274,171,101,2,0,0,0,112,64,46,0,0,138,123,13
"Indiana","Posey",2024,273,253,19,1,0,0,0,122,49,39,0,0,273,0,0
"Indiana","Shelby",2024,304,270,34,0,0,0,0,87,51,39,0,0,304,0,0
"Indiana","Spencer",2024,75,53,22,0,0,0,0,68,55,38,0,0,0,75,0
"Indiana","St. Joseph",2024,274,169,104,1,0,0,0,115,66,47,0,0,167,107,0
"Indiana","Tippecanoe",2024,262,189,73,0,0,0,0,67,57,38,0,0,0,262,0
"Indiana","Vanderburgh",2024,305,190,113,2,0,0,0,119,63,46,0,0,162,143,0
"Indiana","Vigo",2024,274,149,124,1,0,0,0,112,64,48,0,0,116,158,0
"Indiana","Wabash",2024,244,217,27,0,0,0,0,84,51,39,0,0,244,0,0
"Indiana","Warrick",2024,305,265,39,1,0,0,0,101,51,41,0,0,305,0,0
"Indiana","Whitley",2024,274,207,67,0,0,0,0,70,56,34,0,0,0,274,0
"Iowa","Black Hawk",2024,304,190,114,0,0,0,0,87,59,44,0,0,0,304,0
"Iowa","Bremer",2024,235,208,27,0,0,0,0,74,54,40,0,0,235,0,0
"Iowa","Clinton",2024,304,192,112,0,0,0,0,90,60,46,0,0,141,163,0
"Iowa","Harrison",2024,244,208,36,0,0,0,0,90,54,42,0,0,244,0,0
"Iowa","Johnson",2024,305,217,88,0,0,0,0,83,57,38,0,0,0,305,0
"Iowa","Linn",2024,305,196,109,0,0,0,0,79,61,45,0,0,129,176,0
"Iowa","Montgomery",2024,294,222,72,0,0,0,0,80,56,43,0,0,144,150,0
"Iowa","Muscatine",2024,305,231,74,0,0,0,0,78,55,38,0,0,0,305,0
"Iowa","Palo Alto",2024,302,218,84,0,0,0,0,96,60,43,0,0,152,150,0
"Iowa","Polk",2024,305,193,112,0,0,0,0,93,59,46,0,2,143,158,2
"Iowa","Pottawattamie",2024,89,57,32,0,0,0,0,75,58,42,0,0,0,89,0
"Iowa","Scott",2024,306,182,124,0,0,0,0,90,61,47,1,0,141,114,50
"Iowa","Van Buren",2024,305,176,128,1,0,0,0,138,59,47,0,0,100,205,0
"Iowa","Woodbury",2024,264,215,49,0,0,0,0,84,57,43,0,0,219,45,0
"Kansas","Chase",2024,20,18,2,0,0,0,0,94,54,16,0,0,0,20,0
"Kansas","Ford",2024,182,174,8,0,0,0,0,80,40,20,0,0,0,61,121
"Kansas","Johnson",2024,182,136,46,0,0,0,0,80,58,44,0,0,104,75,3
"Kansas","Leavenworth",2024,165,161,4,0,0,0,0,67,48,37,0,0,165,0,0
"Kansas","Neosho",2024,182,129,50,2,1,0,0,168,59,44,0,0,96,84,2
"Kansas","Sedgwick",2024,182,150,31,0,1,0,0,180,58,40,0,4,162,15,1
"Kansas","Shawnee",2024,182,140,41,1,0,0,0,125,61,44,0,0,132,49,1
"Kansas","Sherman",2024,140,132,7,1,0,0,0,138,46,23,0,0,0,98,42
"Kansas","Sumner",2024,182,133,46,2,1,0,0,196,58,43,0,0,113,67,2
"Kansas","Trego",2024,182,139,41,2,0,0,0,127,61,44,0,0,134,44,4
"Kansas","Wyandotte",2024,182,95,85,2,0,0,0,126,71,49,0,2,73,96,11
"Kentucky","Bell",2024,182,120,62,0,0,0,0,88,63,45,0,0,75,107,0
"Kentucky","Boone",2024,122,105,17,0,0,0,0,77,58,41,0,0,122,0,0
"Kentucky","Boyd",2024,187,150,37,0,0,0,0,66,54,41,0,1,93,87,6
"Kentucky","Bullitt",2024,122,100,21,1,0,0,0,105,58,43,0,0,122,0,0
"Kentucky","Campbell",2024,191,152,37,2,0,0,0,105,54,40,0,1,82,108,0
"Kentucky","Carter",2024,187,167,20,0,0,0,0,62,51,36,0,0,99,83,5
"Kentucky","Christian",2024,181,146,35,0,0,0,0,80,54,42,0,0,81,100,0
"Kentucky","Edmonson",2024,243,222,21,0,0,0,0,77,50,40,0,0,236,7,0
"Kentucky","Fayette",2024,187,158,29,0,0,0,0,77,53,40,0,3,96,83,5
"Kentucky","Greenup",2024,120,115,5,0,0,0,0,74,47,38,0,0,120,0,0
"Kentucky","Hancock",2024,107,94,13,0,0,0,0,100,51,43,0,0,107,0,0
"Kentucky","Hardin",2024,154,129,25,0,0,0,0,67,53,41,0,0,73,81,0
"Kentucky","Jefferson",2024,183,103,77,2,1,0,0,156,64,49,1,4,81,97,0
"Kentucky","Jessamine",2024,122,108,14,0,0,0,0,93,51,43,0,0,122,0,0
"Kentucky","Livingston",2024,122,115,7,0,0,0,0,90,49,42,0,0,122,0,0
"Kentucky","McCracken",2024,179,138,40,1,0,0,0,101,54,43,0,6,82,91,0
"Kentucky","Morgan",2024,243,224,19,0,0,0,0,64,49,40,0,0,243,0,0
"Kentucky","Oldham",2024,122,103,19,0,0,0,0,93,58,42,0,0,122,0,0
"Kentucky","Perry",2024,168,136,31,1,0,0,0,117,56,42,0,0,89,79,0
"Kentucky","Pike",2024,182,158,24,0,0,0,0,70,53,38,0,0,97,85,0
"Kentucky","Pulaski",2024,182,147,35,0,0,0,0,68,55,42,0,0,85,97,0
"Kentucky","Simpson",2024,119,100,19,0,0,0,0,93,54,43,0,0,119,0,0
"Kentucky","Warren",2024,180,146,34,0,0,0,0,87,55,39,0,0,79,101,0
"Kentucky","Washington",2024,227,202,25,0,0,0,0,74,51,41,0,0,227,0,0
"Louisiana","Ascension",2024,303,273,27,2,1,0,0,151,50,34,0,10,293,0,0
"Louisiana","Bossier",2024,303,152,148,3,0,0,0,111,67,50,0,0,100,189,14
"Louisiana","Caddo",2024,295,244,50,1,0,0,0,101,55,41,0,0,250,45,0
"Louisiana","Calcasieu",2024,305,154,147,4,0,0,0,147,65,50,0,0,106,199,0
"Louisiana","East Baton Rouge",2024,305,144,154,6,1,0,0,154,74,51,0,0,117,188,0
"Louisiana","Iberville",2024,305,227,69,8,1,0,0,159,74,43,0,1,279,25,0
"Louisiana","Jefferson",2024,305,179,125,0,1,0,0,188,62,47,0,6,145,154,0
"Louisiana","Lafayette",2024,304,134,168,2,0,0,0,108,63,52,0,0,83,221,0
"Louisiana","Lafourche",2024,301,156,145,0,0,0,0,93,61,50,0,0,69,232,0
"Louisiana","Livingston",2024,305,194,111,0,0,0,0,100,67,44,0,0,160,145,0
"Louisiana","Orleans",2024,306,210,95,1,0,0,0,105,58,41,1,26,0,278,1
"Louisiana","Ouachita",2024,305,247,58,0,0,0,0,97,57,41,0,0,228,77,0
"Louisiana","Pointe Coupee",2024,300,273,26,1,0,0,0,101,50,37,0,0,300,0,0
"Louisiana","Rapides",2024,60,48,11,1,0,0,0,102,57,37,0,0,0,60,0
"Louisiana","St. Bernard",2024,305,182,121,2,0,0,0,138,62,47,0,0,140,165,0
"Louisiana","St. James",2024,302,278,21,3,0,0,0,108,49,33,0,0,302,0,0
"Louisiana","St. John the Baptist",2024,299,260,37,2,0,0,0,105,54,37,0,0,299,0,0
"Louisiana","St. Martin",2024,270,230,39,1,0,0,0,101,61,39,0,0,270,0,0
"Louisiana","St. Tammany",2024,302,231,70,0,1,0,0,186,59,41,0,0,182,120,0
"Louisiana","Tangipahoa",2024,65,33,32,0,0,0,0,77,62,50,0,0,0,65,0
"Louisiana","Terrebonne",2024,61,46,15,0,0,0,0,99,56,36,0,0,0,61,0
"Louisiana","West Baton Rouge",2024,305,157,146,2,0,0,0,101,67,50,0,0,94,211,0
"Maine","Androscoggin",2024,305,281,24,0,0,0,0,77,48,33,0,0,171,132,2
"Maine","Aroostook",2024,274,218,56,0,0,0,0,96,55,37,0,0,106,158,10
"Maine","Cumberland",2024,305,235,69,1,0,0,0,119,58,39,0,0,183,118,4
"Maine","Hancock",2024,275,244,30,1,0,0,0,105,54,39,2,0,256,17,0
"Maine","Kennebec",2024,305,254,51,0,0,0,0,77,53,36,0,0,139,166,0
"Maine","Knox",2024,295,283,12,0,0,0,0,84,44,33,0,0,295,0,0
"Maine","Oxford",2024,305,281,24,0,0,0,0,67,46,32,0,0,186,119,0
"Maine","Penobscot",2024,271,245,26,0,0,0,0,74,49,35,0,0,185,83,3
"Maine","Sagadahoc",2024,202,190,12,0,0,0,0,93,46,35,0,0,202,0,0
"Maine","Washington",2024,272,266,6,0,0,0,0,58,43,35,0,0,237,35,0
"Maine","York",2024,301,286,14,1,0,0,0,129,46,35,0,0,301,0,0
"Maryland","Anne Arundel",2024,220,175,44,1,0,0,0,129,67,42,0,0,204,0,16
"Maryland","Baltimore",2024,305,207,93,5,0,0,0,115,71,44,0,4,224,77,0
"Maryland","Baltimore (City)",2024,304,219,79,6,0,0,0,112,71,42,0,5,215,84,0
"Maryland","Calvert",2024,121,101,20,0,0,0,0,93,51,43,0,0,121,0,0
"Maryland","Carroll",2024,121,91,30,0,0,0,0,93,67,43,0,0,121,0,0
"Maryland","Cecil",2024,305,209,93,3,0,0,0,126,64,44,0,0,182,123,0
"Maryland","Charles",2024,113,101,12,0,0,0,0,90,51,42,0,0,113,0,0
"Maryland","Dorchester",2024,274,219,55,0,0,0,0,84,56,40,0,0,200,74,0
"Maryland","Frederick",2024,121,93,28,0,0,0,0,90,67,44,0,0,121,0,0
"Maryland","Garrett",2024,275,229,46,0,0,0,0,87,56,41,1,0,248,26,0
"Maryland","Harford",2024,304,217,82,4,1,0,0,154,67,43,0,0,232,72,0
"Maryland","Howard",2024,250,208,42,0,0,0,0,75,54,33,3,54,0,193,0
"Maryland","Kent",2024,274,226,47,1,0,0,0,105,56,37,0,0,115,159,0
"Maryland","Montgomery",2024,268,204,64,0,0,0,0,93,61,41,0,0,118,150,0
"Maryland","Prince George's",2024,305,230,72,3,0,0,0,129,71,41,0,9,266,30,0
"Maryland","Washington",2024,305,242,63,0,0,0,0,90,59,41,0,0,231,74,0
"Massachusetts","Barnstable",2024,235,217,17,1,0,0,0,101,48,38,0,0,233,2,0
"Massachusetts","Berkshire",2024,244,194,50,0,0,0,0,97,58,40,0,0,174,70,0
"Massachusetts","Bristol",2024,244,204,38,2,0,0,0,108,58,40,0,0,206,38,0
"Massachusetts","Dukes",2024,240,222,17,1,0,0,0,108,48,39,0,0,238,2,0
"Massachusetts","Essex",2024,244,204,40,0,0,0,0,93,55,38,0,0,192,52,0
"Massachusetts","Franklin",2024,248,197,51,0,0,0,0,93,57,38,0,0,165,83,0
"Massachusetts","Hampden",2024,249,190,57,2,0,0,0,119,61,39,0,4,165,80,0
"Massachusetts","Hampshire",2024,244,207,35,2,0,0,0,112,55,38,0,0,169,75,0
"Massachusetts","Middlesex",2024,244,204,40,0,0,0,0,93,54,38,0,2,181,61,0
"Massachusetts","Norfolk",2024,244,206,38,0,0,0,0,90,57,40,0,0,204,40,0
"Massachusetts","Plymouth",2024,244,204,40,0,0,0,0,97,58,39,0,0,181,63,0
"Massachusetts","Suffolk",2024,255,192,63,0,0,0,0,78,58,38,1,12,104,136,2
"Massachusetts","Worcester",2024,245,210,35,0,0,0,0,90,55,38,1,9,173,60,2
"Michigan","Allegan",2024,274,163,106,4,1,0,0,154,71,48,0,0,128,146,0
"Michigan","Bay",2024,271,203,68,0,0,0,0,73,56,39,0,0,0,271,0
"Michigan","Benzie",2024,214,190,22,2,0,0,0,101,51,38,0,0,214,0,0
"Michigan","Berrien",2024,204,167,36,1,0,0,0,101,61,42,0,0,204,0,0
"Michigan","Cass",2024,214,170,43,1,0,0,0,108,61,42,0,0,214,0,0
"Michigan","Clinton",2024,213,198,15,0,0,0,0,80,49,39,0,0,213,0,0
"Michigan","Genesee",2024,274,197,76,1,0,0,0,119,61,43,0,0,150,124,0
"Michigan","Huron",2024,122,108,14,0,0,0,0,90,51,40,0,0,122,0,0
"Michigan","Ingham",2024,182,141,41,0,0,0,0,85,58,40,0,2,113,67,0
"Michigan","Kalamazoo",2024,182,115,67,0,0,0,0,100,64,45,0,0,82,100,0
"Michigan","Kent",2024,275,132,142,1,0,0,0,112,67,51,1,1,90,183,0
"Michigan","Keweenaw",2024,20,20,0,0,0,0,0,49,38,12,0,0,0,20,0
"Michigan","Lenawee",2024,182,121,61,0,0,0,0,87,62,44,0,0,94,88,0
"Michigan","Macomb",2024,274,185,86,3,0,0,0,115,66,43,0,0,155,119,0
"Michigan","Manistee",2024,121,105,16,0,0,0,0,93,61,41,0,0,121,0,0
"Michigan","Marquette",2024,149,131,18,0,0,0,0,67,52,21,0,0,0,149,0
"Michigan","Mason",2024,213,191,22,0,0,0,0,97,51,37,0,0,213,0,0
"Michigan","Missaukee",2024,273,249,24,0,0,0,0,84,50,37,0,0,238,35,0
"Michigan","Muskegon",2024,212,174,34,4,0,0,0,122,61,40,0,0,212,0,0
"Michigan","Oakland",2024,242,140,101,1,0,0,0,101,74,46,0,0,149,93,0
"Michigan","Ottawa",2024,182,120,61,1,0,0,0,105,64,43,0,0,104,78,0
"Michigan","Schoolcraft",2024,176,167,9,0,0,0,0,87,45,35,0,0,104,72,0
"Michigan","St. Clair",2024,178,127,50,1,0,0,0,105,63,42,0,0,92,86,0
"Michigan","Tuscola",2024,243,217,26,0,0,0,0,84,51,36,0,0,243,0,0
"Michigan","Washtenaw",2024,244,183,61,0,0,0,0,87,62,42,0,0,172,72,0
"Michigan","Wayne",2024,275,112,158,4,1,0,0,152,71,53,1,0,63,211,0
"Michigan","Wexford",2024,243,228,15,0,0,0,0,80,49,37,0,0,243,0,0
"Minnesota","Anoka",2024,182,151,30,1,0,0,0,125,56,42,0,0,128,54,0
"Minnesota","Becker",2024,182,170,11,0,1,0,0,152,47,36,0,0,113,69,0
"Minnesota","Beltrami",2024,182,172,9,0,1,0,0,177,46,36,0,0,114,68,0
"Minnesota","Carlton",2024,182,170,11,1,0,0,0,114,46,36,0,0,112,70,0
"Minnesota","Cass",2024,182,170,11,0,1,0,0,164,41,22,0,0,0,182,0
"Minnesota","Cook",2024,178,174,3,1,0,0,0,138,27,13,0,0,0,178,0
"Minnesota","Crow Wing",2024,182,158,23,1,0,0,0,137,54,38,0,0,115,67,0
"Minnesota","Dakota",2024,183,145,37,0,1,0,0,152,57,29,1,25,0,157,0
"Minnesota","Goodhue",2024,121,108,13,0,0,0,0,67,51,40,0,0,121,0,0
"Minnesota","Hennepin",2024,183,140,40,2,1,0,0,166,61,37,1,4,91,82,5
"Minnesota","Lake",2024,182,177,4,1,0,0,0,110,44,34,0,0,116,66,0
"Minnesota","Lyon",2024,182,154,27,1,0,0,0,142,55,39,0,0,100,76,6
"Minnesota","Mille Lacs",2024,73,72,1,0,0,0,0,67,42,36,0,0,73,0,0
"Minnesota","Olmsted",2024,182,149,32,0,1,0,0,155,56,41,0,0,104,78,0
"Minnesota","Ramsey",2024,182,152,29,1,0,0,0,128,54,28,0,0,0,165,17
"Minnesota","Saint Louis",2024,244,223,20,1,0,0,0,114,48,37,0,0,209,35,0
"Minnesota","Scott",2024,182,136,45,1,0,0,0,138,62,42,0,0,92,90,0
"Minnesota","Stearns",2024,182,151,31,0,0,0,0,97,54,39,0,0,106,76,0
"Minnesota","Washington",2024,121,116,5,0,0,0,0,58,46,36,0,0,121,0,0
"Minnesota","Winona",2024,20,19,1,0,0,0,0,51,50,25,0,0,0,20,0
"Minnesota","Wright",2024,182,146,34,2,0,0,0,110,57,41,0,0,110,72,0
"Mississippi","Bolivar",2024,274,181,93,0,0,0,0,98,58,45,0,0,89,185,0
"Mississippi","DeSoto",2024,274,156,114,4,0,0,0,136,65,47,0,0,98,176,0
"Mississippi","Forrest",2024,271,174,97,0,0,0,0,76,59,43,0,0,0,271,0
"Mississippi","Hancock",2024,265,188,77,0,0,0,0,87,59,43,0,0,100,165,0
"Mississippi","Harrison",2024,269,183,83,3,0,0,0,115,62,44,0,0,127,142,0
"Mississippi","Hinds",2024,275,159,116,0,0,0,0,96,64,48,1,0,109,165,0
"Mississippi","Jackson",2024,272,180,92,0,0,0,0,93,60,44,0,0,114,158,0
"Mississippi","Lauderdale",2024,214,213,1,0,0,0,0,51,45,36,0,0,214,0,0
"Mississippi","Lee",2024,214,192,22,0,0,0,0,87,51,41,0,0,214,0,0
"Mississippi","Yalobusha",2024,235,223,12,0,0,0,0,74,48,39,0,0,235,0,0
"Missouri","Andrew",2024,126,111,15,0,0,0,0,74,51,44,0,0,126,0,0
"Missouri","Boone",2024,125,116,9,0,0,0,0,74,49,41,0,0,125,0,0
"Missouri","Buchanan",2024,178,116,62,0,0,0,0,76,57,41,0,0,0,167,11
"Missouri","Callaway",2024,128,121,7,0,0,0,0,64,50,41,0,0,128,0,0
"Missouri","Cass",2024,178,139,38,1,0,0,0,107,58,43,0,0,78,100,0
"Missouri","Cedar",2024,178,158,20,0,0,0,0,64,51,42,0,0,112,66,0
"Missouri","Clay",2024,178,139,38,1,0,0,0,108,61,44,0,0,110,68,0
"Missouri","Clinton",2024,122,105,17,0,0,0,0,87,54,44,0,0,122,0,0
"Missouri","Greene",2024,179,113,66,0,0,0,0,82,61,45,0,0,76,103,0
"Missouri","Jackson",2024,178,117,60,1,0,0,0,109,59,42,0,32,0,107,39
"Missouri","Jasper",2024,178,148,30,0,0,0,0,99,54,42,0,0,110,0,68
"Missouri","Jefferson",2024,179,142,36,1,0,0,0,105,54,41,0,0,92,87,0
"Missouri","Lincoln",2024,128,113,14,1,0,0,0,143,54,44,0,0,128,0,0
"Missouri","Monroe",2024,178,174,4,0,0,0,0,84,45,37,0,1,177,0,0
"Missouri","Perry",2024,120,106,14,0,0,0,0,93,51,43,0,0,120,0,0
"Missouri","Saint Charles",2024,129,92,36,1,0,0,0,129,67,44,0,0,129,0,0
"Missouri","Saint Louis",2024,180,143,36,1,0,0,0,122,54,42,0,21,108,51,0
"Missouri","Sainte Genevieve",2024,121,112,9,0,0,0,0,100,50,43,0,0,121,0,0
"Missouri","St. Louis City",2024,182,70,107,4,1,0,0,156,74,53,2,0,46,117,17
"Missouri","Stoddard",2024,20,18,2,0,0,0,0,56,56,28,0,0,0,20,0
"Missouri","Taney",2024,20,17,3,0,0,0,0,67,53,20,0,0,0,20,0
"Montana","Beaverhead",2024,167,167,0,0,0,0,0,46,17,9,0,0,0,167,0
"Montana","Cascade",2024,87,52,35,0,0,0,0,74,58,46,0,0,0,87,0
"Montana","Custer",2024,182,172,10,0,0,0,0,100,46,36,0,4,128,50,0
"Montana","Dawson",2024,173,169,3,1,0,0,0,120,30,12,0,0,0,173,0
"Montana","Fergus",2024,182,173,9,0,0,0,0,64,48,41,0,0,161,21,0
"Montana","Flathead",2024,241,207,34,0,0,0,0,77,53,39,0,0,177,53,11
"Montana","Gallatin",2024,245,212,33,0,0,0,0,84,55,22,10,8,0,227,0
"Montana","Glacier",2024,162,156,6,0,0,0,0,99,38,21,0,0,0,162,0
"Montana","Hill",2024,176,173,2,1,0,0,0,123,32,16,0,0,0,176,0
"Montana","Lake",2024,15,15,0,0,0,0,0,14,13,3,0,0,0,15,0
"Montana","Lewis and Clark",2024,183,130,52,1,0,0,0,116,64,44,1,0,122,60,0
"Montana","Lincoln",2024,182,119,63,0,0,0,0,99,67,39,0,0,0,181,1
"Montana","Missoula",2024,182,127,55,0,0,0,0,92,64,42,0,0,100,82,0
"Montana","Phillips",2024,180,177,2,1,0,0,0,135,34,18,0,0,0,180,0
"Montana","Powell",2024,20,19,1,0,0,0,0,53,22,9,0,0,0,20,0
"Montana","Ravalli",2024,182,157,25,0,0,0,0,89,58,16,0,0,0,182,0
"Montana","Richland",2024,182,174,7,1,0,0,0,115,45,36,0,0,125,53,4
"Montana","Roosevelt",2024,19,18,1,0,0,0,0,56,48,12,0,0,0,19,0
"Montana","Rosebud",2024,20,20,0,0,0,0,0,14,12,7,0,0,0,20,0
"Montana","Sanders",2024,180,170,10,0,0,0,0,65,43,22,0,0,0,91,89
"Montana","Sheridan",2024,19,18,1,0,0,0,0,53,43,11,0,0,0,19,0
"Montana","Silver Bow",2024,182,150,32,0,0,0,0,95,56,26,0,0,0,167,15
"Montana","Teton",2024,149,147,2,0,0,0,0,65,24,12,0,0,0,149,0
"Montana","Yellowstone",2024,175,158,17,0,0,0,0,64,50,38,0,4,125,46,0
"Nebraska","Cass",2024,232,217,15,0,0,0,0,68,44,18,0,0,0,0,232
"Nebraska","Douglas",2024,275,178,96,1,0,0,0,101,62,45,1,0,158,112,4
"Nebraska","Gage",2024,249,176,73,0,0,0,0,70,57,37,0,0,0,249,0
"Nebraska","Hall",2024,266,193,73,0,0,0,0,80,57,36,0,0,0,266,0
"Nebraska","Knox",2024,206,183,22,1,0,0,0,108,54,38,0,0,206,0,0
"Nebraska","Lancaster",2024,152,125,27,0,0,0,0,67,56,43,0,0,111,41,0
"Nebraska","Sarpy",2024,257,195,61,1,0,0,0,110,57,36,0,0,0,257,0
"Nebraska","Scotts Bluff",2024,246,226,20,0,0,0,0,88,46,11,0,0,0,246,0
"Nebraska","Washington",2024,269,207,62,0,0,0,0,81,57,33,0,0,0,269,0
"Nevada","Carson City",2024,182,146,35,1,0,0,0,105,58,44,0,0,160,22,0
"Nevada","Churchill",2024,182,152,29,1,0,0,0,105,54,44,0,0,182,0,0
"Nevada","Clark",2024,275,68,169,37,1,0,0,170,105,67,1,0,224,41,9
"Nevada","Douglas",2024,162,153,9,0,0,0,0,76,40,22,0,0,0,162,0
"Nevada","Elko",2024,182,182,0,0,0,0,0,43,26,12,0,0,0,0,182
"Nevada","Lyon",2024,180,162,18,0,0,0,0,90,51,42,0,0,180,0,0
"Nevada","Nye",2024,182,173,9,0,0,0,0,89,40,19,0,0,0,0,182
"Nevada","Washoe",2024,244,128,113,3,0,0,0,108,77,50,1,2,211,30,0
"Nevada","White Pine",2024,244,165,77,2,0,0,0,105,71,46,0,0,244,0,0
"New Hampshire","Belknap",2024,182,171,11,0,0,0,0,74,48,36,0,0,115,67,0
"New Hampshire","Cheshire",2024,182,152,30,0,0,0,0,93,55,38,0,0,132,50,0
"New Hampshire","Coos",2024,183,156,27,0,0,0,0,87,54,42,1,0,182,0,0
"New Hampshire","Grafton",2024,244,231,13,0,0,0,0,80,45,35,0,0,218,26,0
"New Hampshire","Hillsborough",2024,183,165,18,0,0,0,0,97,50,38,1,0,177,5,0
"New Hampshire","Merrimack",2024,122,113,9,0,0,0,0,74,48,39,0,0,122,0,0
"New Hampshire","Rockingham",2024,183,163,19,1,0,0,0,122,51,40,1,0,157,25,0
"New Jersey","Atlantic",2024,182,160,22,0,0,0,0,66,52,33,0,0,99,83,0
"New Jersey","Bergen",2024,183,140,39,3,1,0,0,156,59,41,1,46,88,48,0
"New Jersey","Camden",2024,182,112,70,0,0,0,0,97,63,44,0,7,94,81,0
"New Jersey","Cumberland",2024,178,151,27,0,0,0,0,100,52,39,0,3,141,34,0
"New Jersey","Gloucester",2024,182,131,48,3,0,0,0,129,67,42,0,0,117,65,0
"New Jersey","Hudson",2024,183,134,46,2,1,0,0,151,62,42,1,40,82,60,0
"New Jersey","Hunterdon",2024,182,135,47,0,0,0,0,100,63,41,0,0,125,57,0
"New Jersey","Mercer",2024,243,165,73,5,0,0,0,133,74,44,0,0,179,64,0
"New Jersey","Middlesex",2024,182,149,30,3,0,0,0,122,57,37,0,9,135,38,0
"New Jersey","Monmouth",2024,137,129,7,1,0,0,0,119,48,37,0,0,137,0,0
"New Jersey","Morris",2024,182,151,30,1,0,0,0,105,58,37,0,2,157,23,0
"New Jersey","Ocean",2024,182,142,39,1,0,0,0,115,61,42,0,0,121,61,0
"New Jersey","Passaic",2024,182,137,44,1,0,0,0,119,60,39,0,0,99,83,0
"New Jersey","Union",2024,183,112,71,0,0,0,0,85,61,44,1,43,0,139,0
"New Jersey","Warren",2024,175,136,37,2,0,0,0,108,58,38,0,19,110,46,0
"New Mexico","Bernalillo",2024,275,83,163,25,1,1,2,443,101,61,1,2,197,44,31
"New Mexico","Catron",2024,20,20,0,0,0,0,0,10,9,6,0,0,0,20,0
"New Mexico","Chaves",2024,20,16,4,0,0,0,0,62,58,23,0,0,0,20,0
"New Mexico","Dona Ana",2024,182,62,104,8,2,2,4,692,97,58,0,2,92,56,32
"New Mexico","Eddy",2024,244,108,106,27,3,0,0,172,101,54,0,0,242,2,0
"New Mexico","Lea",2024,180,126,54,0,0,0,0,93,71,44,0,0,146,34,0
"New Mexico","Lincoln",2024,20,20,0,0,0,0,0,26,18,7,0,0,0,20,0
"New Mexico","Los Alamos",2024,20,20,0,0,0,0,0,16,14,9,0,0,0,20,0
"New Mexico","Luna",2024,182,170,10,1,1,0,0,153,39,15,0,0,0,0,182
"New Mexico","Rio Arriba",2024,179,113,63,3,0,0,0,108,80,48,0,0,179,0,0
"New Mexico","San Juan",2024,272,165,99,8,0,0,0,108,87,47,0,2,269,0,1
"New Mexico","Sandoval",2024,182,142,40,0,0,0,0,87,67,44,0,0,182,0,0
"New Mexico","Santa Fe",2024,180,126,54,0,0,0,0,93,74,45,0,0,177,3,0
"New Mexico","Socorro",2024,20,20,0,0,0,0,0,26,19,7,0,0,0,20,0
"New Mexico","Taos",2024,181,181,0,0,0,0,0,46,31,14,0,0,0,181,0
"New Mexico","Valencia",2024,179,166,13,0,0,0,0,84,50,41,0,0,179,0,0
"New York","Albany",2024,274,203,71,0,0,0,0,100,62,38,0,0,155,119,0
"New York","Bronx",2024,275,176,97,2,0,0,0,150,71,44,1,17,143,114,0
"New York","Chautauqua",2024,273,241,31,1,0,0,0,105,54,38,0,0,266,7,0
"New York","Dutchess",2024,274,249,20,4,1,0,0,151,50,37,0,0,274,0,0
"New York","Erie",2024,304,207,96,1,0,0,0,105,61,42,0,6,140,157,1
"New York","Essex",2024,274,224,50,0,0,0,0,80,58,42,0,0,242,32,0
"New York","Hamilton",2024,263,255,8,0,0,0,0,74,44,35,0,0,263,0,0
"New York","Jefferson",2024,273,264,9,0,0,0,0,80,44,33,0,0,273,0,0
"New York","Kings",2024,274,181,93,0,0,0,0,89,62,40,0,0,0,274,0
"New York","Monroe",2024,275,195,80,0,0,0,0,90,58,39,1,1,114,159,0
"New York","New York",2024,275,182,90,3,0,0,0,150,71,43,1,0,157,117,0
"New York","Niagara",2024,223,201,21,1,0,0,0,105,50,37,0,0,223,0,0
"New York","Oneida",2024,257,216,41,0,0,0,0,68,53,27,0,0,0,257,0
"New York","Onondaga",2024,273,231,42,0,0,0,0,84,54,38,0,0,195,78,0
"New York","Orange",2024,264,225,39,0,0,0,0,79,53,27,0,0,0,264,0
"New York","Oswego",2024,271,266,5,0,0,0,0,61,44,33,0,0,271,0,0
"New York","Putnam",2024,273,248,18,7,0,0,0,136,49,35,0,0,273,0,0
"New York","Queens",2024,275,158,115,2,0,0,0,112,71,46,1,16,118,140,0
"New York","Richmond",2024,273,222,48,3,0,0,0,140,57,37,0,0,189,84,0
"New York","Rockland",2024,274,221,48,5,0,0,0,150,58,39,0,0,214,60,0
"New York","Saratoga",2024,267,256,11,0,0,0,0,84,46,33,0,0,267,0,0
"New York","Steuben",2024,275,236,39,0,0,0,0,68,53,38,1,0,216,58,0
"New York","Suffolk",2024,275,232,38,5,0,0,0,133,61,39,1,5,262,7,0
"New York","Tompkins",2024,240,232,8,0,0,0,0,71,47,36,0,0,240,0,0
"New York","Wayne",2024,272,258,14,0,0,0,0,87,47,35,0,0,272,0,0
"New York","Westchester",2024,274,219,49,6,0,0,0,143,64,38,0,0,215,59,0
"North Carolina","Alexander",2024,214,183,31,0,0,0,0,93,54,41,0,0,214,0,0
"North Carolina","Avery",2024,230,213,17,0,0,0,0,90,49,39,0,0,210,20,0
"North Carolina","Buncombe",2024,274,221,53,0,0,0,0,81,54,40,0,0,165,109,0
"North Carolina","Caldwell",2024,210,194,16,0,0,0,0,87,50,40,0,0,210,0,0
"North Carolina","Carteret",2024,243,236,7,0,0,0,0,71,46,37,0,0,243,0,0
"North Carolina","Caswell",2024,213,194,19,0,0,0,0,84,50,39,0,0,213,0,0
"North Carolina","Catawba",2024,174,118,56,0,0,0,0,93,58,42,0,0,0,174,0
"North Carolina","Cumberland",2024,274,195,78,1,0,0,0,110,61,44,0,0,178,95,1
"North Carolina","Davidson",2024,178,126,52,0,0,0,0,89,59,39,0,0,0,178,0
"North Carolina","Durham",2024,273,151,122,0,0,0,0,97,61,47,0,0,129,144,0
"North Carolina","Edgecombe",2024,264,235,29,0,0,0,0,80,51,37,0,0,177,87,0
"North Carolina","Forsyth",2024,244,134,106,4,0,0,0,122,74,49,0,3,127,114,0
"North Carolina","Graham",2024,203,157,46,0,0,0,0,90,61,45,0,0,203,0,0
"North Carolina","Granville",2024,214,176,37,1,0,0,0,101,64,42,0,0,214,0,0
"North Carolina","Guilford",2024,274,203,70,1,0,0,0,122,59,43,0,0,173,91,10
"North Carolina","Haywood",2024,233,176,56,1,0,0,0,101,61,46,0,0,214,19,0
"North Carolina","Hyde",2024,19,19,0,0,0,0,0,36,34,19,0,0,0,19,0
"North Carolina","Johnston",2024,272,214,58,0,0,0,0,84,60,42,0,0,172,100,0
"North Carolina","Lenoir",2024,274,261,13,0,0,0,0,77,47,34,0,0,214,0,60
"North Carolina","Lincoln",2024,212,192,20,0,0,0,0,80,50,40,0,0,212,0,0
"North Carolina","Macon",2024,242,228,14,0,0,0,0,71,47,37,0,0,242,0,0
"North Carolina","Martin",2024,214,213,1,0,0,0,0,61,44,33,0,0,214,0,0
"North Carolina","Mecklenburg",2024,275,133,138,3,1,0,0,156,67,51,1,0,117,157,0
"North Carolina","Mitchell",2024,179,153,26,0,0,0,0,83,53,26,0,0,0,179,0
"North Carolina","Montgomery",2024,243,187,56,0,0,0,0,83,57,41,0,0,155,88,0
"North Carolina","New Hanover",2024,274,232,42,0,0,0,0,97,54,38,0,0,172,102,0
"North Carolina","Northampton",2024,213,177,36,0,0,0,0,82,53,27,0,36,0,177,0
"North Carolina","Person",2024,212,194,18,0,0,0,0,77,50,40,0,0,212,0,0
"North Carolina","Pitt",2024,274,245,29,0,0,0,0,74,52,38,0,0,187,87,0
"North Carolina","Rockingham",2024,214,178,36,0,0,0,0,100,61,44,0,0,214,0,0
"North Carolina","Rowan",2024,271,210,61,0,0,0,0,97,59,42,0,1,193,77,0
"North Carolina","Swain",2024,272,238,34,0,0,0,0,83,52,38,0,0,172,100,0
"North Carolina","Union",2024,214,183,31,0,0,0,0,97,58,41,0,0,214,0,0
"North Carolina","Wake",2024,274,196,77,1,0,0,0,112,61,42,0,0,186,88,0
"North Carolina","Yancey",2024,204,167,37,0,0,0,0,84,58,44,0,0,204,0,0
"North Dakota","Billings",2024,274,217,47,9,1,0,0,172,64,40,0,0,209,65,0
"North Dakota","Burke",2024,274,224,41,8,1,0,0,178,60,39,0,0,194,75,5
"North Dakota","Burleigh",2024,275,190,75,9,1,0,0,174,67,42,1,1,154,115,4
"North Dakota","Cass",2024,274,211,61,1,1,0,0,158,59,40,0,0,153,121,0
"North Dakota","Dunn",2024,273,220,45,5,3,0,0,157,64,39,0,0,194,78,1
"North Dakota","McKenzie",2024,274,215,51,6,2,0,0,172,64,40,0,0,207,67,0
"North Dakota","Mercer",2024,274,223,45,4,2,0,0,167,60,38,0,0,189,85,0
"North Dakota","Oliver",2024,274,214,53,5,2,0,0,162,63,39,0,0,189,85,0
"North Dakota","Ward",2024,274,217,48,7,2,0,0,152,63,39,0,0,168,106,0
"Ohio","Allen",2024,274,200,74,0,0,0,0,97,61,43,0,0,171,103,0
"Ohio","Ashtabula",2024,214,177,35,2,0,0,0,108,61,41,0,0,214,0,0
"Ohio","Athens",2024,272,247,25,0,0,0,0,64,49,28,0,0,0,272,0
"Ohio","Belmont",2024,274,214,60,0,0,0,0,77,56,29,0,87,0,168,19
"Ohio","Butler",2024,274,113,158,3,0,0,0,122,71,53,0,0,93,180,1
"Ohio","Clark",2024,274,173,98,3,0,0,0,133,64,46,0,0,131,143,0
"Ohio","Clermont",2024,273,225,45,3,0,0,0,119,58,41,0,0,203,70,0
"Ohio","Clinton",2024,211,153,54,4,0,0,0,112,67,44,0,0,211,0,0
"Ohio","Columbiana",2024,48,48,0,0,0,0,0,34,19,12,0,0,0,0,48
"Ohio","Cuyahoga",2024,275,91,178,6,0,0,0,122,84,55,1,1,92,173,8
"Ohio","Delaware",2024,242,200,41,1,0,0,0,105,61,42,0,0,242,0,0
"Ohio","Franklin",2024,306,120,182,4,0,0,0,118,74,54,1,1,99,183,22
"Ohio","Geauga",2024,211,170,40,1,0,0,0,101,64,42,0,0,211,0,0
"Ohio","Greene",2024,203,170,32,1,0,0,0,119,61,43,0,0,203,0,0
"Ohio","Hamilton",2024,275,118,146,11,0,0,0,140,74,52,1,5,115,154,0
"Ohio","Jefferson",2024,274,166,108,0,0,0,0,93,66,46,0,0,144,130,0
"Ohio","Knox",2024,245,208,36,1,0,0,0,101,54,41,0,0,245,0,0
"Ohio","Lake",2024,273,199,70,4,0,0,0,136,71,41,0,0,185,88,0
"Ohio","Lawrence",2024,274,195,79,0,0,0,0,84,58,44,0,0,150,123,1
"Ohio","Licking",2024,245,205,40,0,0,0,0,100,58,42,0,0,245,0,0
"Ohio","Lorain",2024,214,185,29,0,0,0,0,74,54,40,0,0,214,0,0
"Ohio","Lucas",2024,274,114,156,4,0,0,0,119,77,53,0,0,124,150,0
"Ohio","Madison",2024,245,203,42,0,0,0,0,100,61,44,0,0,245,0,0
"Ohio","Mahoning",2024,274,174,100,0,0,0,0,93,64,45,0,0,137,137,0
"Ohio","Medina",2024,274,169,105,0,0,0,0,100,67,46,0,0,149,125,0
"Ohio","Miami",2024,214,170,43,1,0,0,0,101,61,44,0,0,214,0,0
"Ohio","Montgomery",2024,274,160,110,4,0,0,0,147,68,48,0,0,149,124,1
"Ohio","Noble",2024,235,189,46,0,0,0,0,90,67,42,0,0,226,9,0
"Ohio","Portage",2024,214,161,51,2,0,0,0,108,71,44,0,0,214,0,0
"Ohio","Preble",2024,275,179,96,0,0,0,0,100,61,45,1,0,147,127,0
"Ohio","Scioto",2024,274,182,92,0,0,0,0,80,61,41,0,0,0,268,6
"Ohio","Stark",2024,275,144,131,0,0,0,0,93,67,49,0,0,111,164,0
"Ohio","Summit",2024,249,160,88,1,0,0,0,105,77,46,0,0,154,95,0
"Ohio","Trumbull",2024,274,166,108,0,0,0,0,97,67,46,0,0,131,143,0
"Ohio","Warren",2024,273,191,76,6,0,0,0,147,67,44,0,0,187,86,0
"Ohio","Washington",2024,213,185,28,0,0,0,0,90,54,41,0,0,213,0,0
"Ohio","Wood",2024,214,172,41,1,0,0,0,101,61,42,0,0,214,0,0
"Oklahoma","Adair",2024,182,98,80,4,0,0,0,138,64,47,0,0,63,119,0
"Oklahoma","Canadian",2024,213,162,45,6,0,0,0,119,74,44,0,0,213,0,0
"Oklahoma","Carter",2024,274,152,112,10,0,0,0,140,74,49,0,0,141,133,0
"Oklahoma","Cleveland",2024,274,125,142,7,0,0,0,126,76,52,0,0,143,131,0
"Oklahoma","Comanche",2024,270,175,90,5,0,0,0,133,77,44,0,0,147,123,0
"Oklahoma","Creek",2024,205,151,50,3,1,0,0,179,71,44,0,0,205,0,0
"Oklahoma","Dewey",2024,274,150,119,5,0,0,0,112,74,49,0,0,148,126,0
"Oklahoma","Grant",2024,20,19,1,0,0,0,0,77,38,18,0,0,0,20,0
"Oklahoma","Jefferson",2024,236,190,44,2,0,0,0,108,61,43,0,0,236,0,0
"Oklahoma","Johnston",2024,199,150,48,1,0,0,0,105,71,44,0,0,199,0,0
"Oklahoma","Kay",2024,264,156,103,4,1,0,0,193,62,44,0,0,0,264,0
"Oklahoma","Mayes",2024,127,116,11,0,0,0,0,80,50,41,0,0,127,0,0
"Oklahoma","McClain",2024,202,122,71,9,0,0,0,129,80,47,0,0,202,0,0
"Oklahoma","Oklahoma",2024,275,122,145,8,0,0,0,136,74,52,1,3,134,136,1
"Oklahoma","Osage",2024,229,176,50,3,0,0,0,112,71,44,0,0,229,0,0
"Oklahoma","Ottawa",2024,213,104,108,0,0,1,0,288,69,51,0,0,45,164,4
"Oklahoma","Pittsburg",2024,272,150,120,2,0,0,0,102,66,48,0,0,96,176,0
"Oklahoma","Pontotoc",2024,290,208,81,1,0,0,0,101,63,43,0,0,184,105,1
"Oklahoma","Sequoyah",2024,211,133,78,0,0,0,0,97,59,45,0,0,43,168,0
"Oklahoma","Tulsa",2024,275,121,146,8,0,0,0,140,77,52,1,0,143,130,1
"Oklahoma","Washington",2024,243,132,105,5,1,0,0,156,72,49,0,0,145,98,0
"Oregon","Baker",2024,182,174,8,0,0,0,0,67,38,20,0,0,0,182,0
"Oregon","Clackamas",2024,182,176,6,0,0,0,0,77,43,21,0,0,62,120,0
"Oregon","Columbia",2024,182,182,0,0,0,0,0,47,36,24,0,0,62,120,0
"Oregon","Crook",2024,274,228,40,4,2,0,0,169,59,20,0,0,0,274,0
"Oregon","Deschutes",2024,267,201,53,7,6,0,0,176,75,36,0,0,51,216,0
"Oregon","Grant",2024,182,120,62,0,0,0,0,88,63,33,0,0,0,182,0
"Oregon","Harney",2024,274,165,83,6,16,4,0,271,97,39,0,0,0,274,0
"Oregon","Jackson",2024,274,215,57,1,1,0,0,152,60,39,0,0,58,216,0
"Oregon","Jefferson",2024,182,166,16,0,0,0,0,62,48,21,0,0,0,182,0
"Oregon","Josephine",2024,274,235,39,0,0,0,0,97,53,27,0,0,0,274,0
"Oregon","Klamath",2024,274,217,48,7,2,0,0,164,62,31,0,0,0,274,0
"Oregon","Lake",2024,274,225,45,3,1,0,0,151,58,27,0,0,0,274,0
"Oregon","Lane",2024,274,179,81,8,5,1,0,216,74,41,0,0,81,193,0
"Oregon","Linn",2024,182,170,12,0,0,0,0,64,44,24,0,0,0,182,0
"Oregon","Marion",2024,274,245,29,0,0,0,0,79,51,28,0,0,60,214,0
"Oregon","Multnomah",2024,274,252,22,0,0,0,0,83,47,31,0,1,141,132,0
"Oregon","Umatilla",2024,182,157,25,0,0,0,0,86,54,33,0,0,62,120,0
"Oregon","Union",2024,182,179,3,0,0,0,0,63,36,18,0,0,0,181,1
"Oregon","Wallowa",2024,171,168,3,0,0,0,0,53,30,16,0,0,0,171,0
"Oregon","Wasco",2024,180,165,15,0,0,0,0,75,44,19,0,0,0,180,0
"Oregon","Washington",2024,274,259,15,0,0,0,0,87,44,30,0,2,121,151,0
"Pennsylvania","Adams",2024,245,144,98,3,0,0,0,131,69,46,3,0,171,71,0
"Pennsylvania","Allegheny",2024,183,93,89,1,0,0,0,103,74,50,1,0,82,100,0
"Pennsylvania","Armstrong",2024,182,138,44,0,0,0,0,100,58,41,0,0,119,63,0
"Pennsylvania","Beaver",2024,182,107,75,0,0,0,0,100,68,46,0,0,100,82,0
"Pennsylvania","Berks",2024,182,126,54,2,0,0,0,105,62,43,0,0,119,63,0
"Pennsylvania","Blair",2024,182,159,23,0,0,0,0,74,54,36,0,0,113,69,0
"Pennsylvania","Bradford",2024,179,139,40,0,0,0,0,74,55,39,0,0,110,69,0
"Pennsylvania","Bucks",2024,174,143,27,4,0,0,0,150,61,38,0,0,174,0,0
"Pennsylvania","Cambria",2024,244,205,39,0,0,0,0,87,55,35,64,0,104,76,0
"Pennsylvania","Centre",2024,238,192,46,0,0,0,0,93,61,42,0,1,207,30,0
"Pennsylvania","Chester",2024,180,134,44,2,0,0,0,119,61,41,0,0,112,68,0
"Pennsylvania","Cumberland",2024,174,130,44,0,0,0,0,93,58,34,0,0,0,174,0
"Pennsylvania","Dauphin",2024,182,112,68,2,0,0,0,105,71,46,0,0,92,90,0
"Pennsylvania","Delaware",2024,182,128,53,1,0,0,0,108,62,43,0,4,80,98,0
"Pennsylvania","Elk",2024,237,224,13,0,0,0,0,67,48,36,0,0,237,0,0
"Pennsylvania","Erie",2024,245,210,35,0,0,0,0,93,54,36,63,1,125,56,0
"Pennsylvania","Fayette",2024,182,142,40,0,0,0,0,93,57,43,0,0,127,55,0
"Pennsylvania","Franklin",2024,175,171,4,0,0,0,0,61,44,34,0,0,175,0,0
"Pennsylvania","Greene",2024,172,140,32,0,0,0,0,87,56,41,0,0,116,56,0
"Pennsylvania","Indiana",2024,178,153,25,0,0,0,0,87,56,38,0,0,113,65,0
"Pennsylvania","Lackawanna",2024,232,215,17,0,0,0,0,97,47,32,50,26,156,0,0
"Pennsylvania","Lancaster",2024,182,93,86,3,0,0,0,125,72,50,0,0,83,99,0
"Pennsylvania","Lawrence",2024,31,31,0,0,0,0,0,31,29,24,0,0,31,0,0
"Pennsylvania","Lebanon",2024,182,120,60,2,0,0,0,108,65,43,0,0,94,88,0
"Pennsylvania","Lehigh",2024,181,140,41,0,0,0,0,90,58,38,0,0,108,73,0
"Pennsylvania","Lycoming",2024,182,136,46,0,0,0,0,93,61,41,0,0,132,50,0
"Pennsylvania","Mercer",2024,243,189,54,0,0,0,0,97,58,41,0,0,190,53,0
"Pennsylvania","Monroe",2024,177,155,21,1,0,0,0,119,54,37,0,0,177,0,0
"Pennsylvania","Montgomery",2024,182,131,51,0,0,0,0,97,61,40,0,0,128,54,0
"Pennsylvania","Northampton",2024,182,143,39,0,0,0,0,87,58,39,0,1,109,72,0
"Pennsylvania","Philadelphia",2024,183,70,109,4,0,0,0,136,77,54,1,2,54,126,0
"Pennsylvania","Somerset",2024,237,210,27,0,0,0,0,90,51,40,0,0,237,0,0
"Pennsylvania","Susquehanna",2024,182,167,15,0,0,0,0,60,48,26,0,0,0,182,0
"Pennsylvania","Tioga",2024,182,159,23,0,0,0,0,84,53,38,0,0,137,45,0
"Pennsylvania","Washington",2024,182,113,69,0,0,0,0,93,67,46,0,0,106,76,0
"Pennsylvania","Westmoreland",2024,181,141,40,0,0,0,0,88,58,39,0,0,98,83,0
"Pennsylvania","Wyoming",2024,176,162,14,0,0,0,0,64,48,26,0,0,0,176,0
"Pennsylvania","York",2024,182,118,63,1,0,0,0,101,67,44,0,3,108,71,0
"Puerto Rico","Bayamon",2024,181,156,24,1,0,0,0,124,54,27,17,0,34,130,0
"Puerto Rico","Caguas",2024,268,261,7,0,0,0,0,75,25,3,214,0,0,54,0
"Puerto Rico","Catano",2024,171,50,80,30,11,0,0,162,132,77,0,0,0,135,36
"Puerto Rico","Fajardo",2024,56,46,10,0,0,0,0,84,56,31,0,0,0,52,4
"Puerto Rico","Guayama",2024,27,26,1,0,0,0,0,53,29,14,0,0,0,0,27
"Puerto Rico","Guaynabo",2024,57,43,14,0,0,0,0,80,56,32,0,0,0,53,4
"Puerto Rico","Mayagnez",2024,176,176,0,0,0,0,0,39,29,15,0,0,108,68,0
"Puerto Rico","Ponce",2024,175,165,10,0,0,0,0,82,37,3,120,0,0,49,6
"Rhode Island","Kent",2024,239,214,25,0,0,0,0,97,51,35,0,0,148,91,0
"Rhode Island","Providence",2024,250,202,48,0,0,0,0,72,55,38,1,8,70,166,5
"Rhode Island","Washington",2024,243,205,35,3,0,0,0,147,57,39,0,0,167,76,0
"South Carolina","Aiken",2024,231,206,25,0,0,0,0,84,51,39,0,0,231,0,0
"South Carolina","Anderson",2024,221,181,39,1,0,0,0,115,61,44,0,0,221,0,0
"South Carolina","Berkeley",2024,242,220,22,0,0,0,0,90,49,38,0,0,242,0,0
"South Carolina","Charleston",2024,274,195,79,0,0,0,0,77,58,44,0,0,117,157,0
"South Carolina","Chesterfield",2024,273,173,98,2,0,0,0,143,61,45,0,0,128,145,0
"South Carolina","Darlington",2024,225,189,36,0,0,0,0,100,58,41,0,0,225,0,0
"South Carolina","Edgefield",2024,274,171,103,0,0,0,0,98,61,45,0,0,117,157,0
"South Carolina","Florence",2024,270,173,97,0,0,0,0,99,59,44,0,0,0,270,0
"South Carolina","Greenville",2024,271,161,110,0,0,0,0,99,64,47,0,1,130,140,0
"South Carolina","Horry",2024,274,215,59,0,0,0,0,87,55,41,0,0,144,130,0
"South Carolina","Richland",2024,274,151,122,1,0,0,0,141,63,47,0,1,85,188,0
"South Carolina","Spartanburg",2024,271,141,126,4,0,0,0,112,71,49,0,0,134,137,0
"South Carolina","York",2024,270,187,82,1,0,0,0,112,67,44,0,0,178,92,0
"South Dakota","Brookings",2024,182,168,14,0,0,0,0,94,46,32,0,0,139,30,13
"South Dakota","Brown",2024,174,164,10,0,0,0,0,76,42,19,0,0,0,112,62
"South Dakota","Clay",2024,182,150,32,0,0,0,0,84,56,40,0,0,125,57,0
"South Dakota","Codington",2024,177,149,28,0,0,0,0,94,54,34,0,0,64,109,4
"South Dakota","Custer",2024,182,163,19,0,0,0,0,94,51,41,0,0,147,27,8
"South Dakota","Hughes",2024,182,178,4,0,0,0,0,69,20,1,0,0,0,182,0
"South Dakota","Jackson",2024,182,154,28,0,0,0,0,84,54,42,0,0,139,43,0
"South Dakota","Meade",2024,182,142,40,0,0,0,0,97,61,44,0,0,170,0,12
"South Dakota","Minnehaha",2024,183,162,21,0,0,0,0,81,52,33,1,7,125,48,2
"South Dakota","Pennington",2024,182,146,35,1,0,0,0,111,59,29,0,9,0,83,90
"Tennessee","Anderson",2024,122,109,13,0,0,0,0,77,51,43,0,0,122,0,0
"Tennessee","Blount",2024,245,136,109,0,0,0,0,90,64,49,1,0,156,88,0
"Tennessee","Claiborne",2024,238,224,14,0,0,0,0,67,48,39,0,0,238,0,0
"Tennessee","Davidson",2024,182,96,84,2,0,0,0,119,61,49,0,4,53,125,0
"Tennessee","DeKalb",2024,217,197,20,0,0,0,0,77,50,40,0,0,217,0,0
"Tennessee","Dyer",2024,174,143,31,0,0,0,0,66,53,32,0,0,0,174,0
"Tennessee","Hamilton",2024,273,146,124,3,0,0,0,126,64,49,0,0,112,161,0
"Tennessee","Jefferson",2024,122,111,11,0,0,0,0,97,49,41,0,0,122,0,0
"Tennessee","Knox",2024,305,170,134,1,0,0,0,105,64,48,0,0,93,212,0
"Tennessee","Lawrence",2024,176,126,50,0,0,0,0,80,57,39,0,0,0,176,0
"Tennessee","Loudon",2024,182,139,43,0,0,0,0,90,58,43,0,0,84,98,0
"Tennessee","Madison",2024,178,146,32,0,0,0,0,66,53,31,0,0,0,178,0
"Tennessee","Maury",2024,176,140,36,0,0,0,0,68,55,34,0,0,0,176,0
"Tennessee","McMinn",2024,174,129,45,0,0,0,0,89,55,34,0,0,0,174,0
"Tennessee","Montgomery",2024,182,153,29,0,0,0,0,57,52,31,0,0,0,182,0
"Tennessee","Putnam",2024,177,148,29,0,0,0,0,63,54,33,0,0,0,177,0
"Tennessee","Roane",2024,177,139,38,0,0,0,0,72,56,33,0,0,0,177,0
"Tennessee","Sevier",2024,244,179,65,0,0,0,0,93,64,45,0,0,244,0,0
"Tennessee","Shelby",2024,303,98,200,3,2,0,0,159,74,55,0,0,60,243,0
"Tennessee","Sullivan",2024,177,132,45,0,0,0,0,84,58,43,0,0,101,76,0
"Tennessee","Sumner",2024,182,116,65,1,0,0,0,105,59,45,0,0,71,111,0
"Tennessee","Williamson",2024,119,107,12,0,0,0,0,87,51,42,0,0,119,0,0
"Tennessee","Wilson",2024,123,112,11,0,0,0,0,87,50,40,0,0,123,0,0
"Texas","Atascosa",2024,181,82,92,7,0,0,0,116,82,52,0,0,0,181,0
"Texas","Bell",2024,182,110,69,3,0,0,0,112,67,46,0,0,101,81,0
"Texas","Bexar",2024,183,71,96,14,2,0,0,199,91,55,1,0,52,127,3
"Texas","Bowie",2024,181,97,84,0,0,0,0,92,62,48,0,0,0,181,0
"Texas","Brazoria",2024,182,158,22,1,1,0,0,164,54,36,0,1,164,17,0
"Texas","Brazos",2024,172,102,69,1,0,0,0,102,63,40,0,0,0,172,0
"Texas","Brewster",2024,194,119,73,2,0,0,0,112,71,45,0,0,143,51,0
"Texas","Cameron",2024,182,32,94,44,12,0,0,171,138,72,0,0,26,156,0
"Texas","Collin",2024,182,149,31,2,0,0,0,136,64,40,0,0,182,0,0
"Texas","Culberson",2024,17,14,3,0,0,0,0,66,62,18,0,0,0,17,0
"Texas","Dallas",2024,183,68,111,4,0,0,0,133,77,54,1,3,57,121,1
"Texas","Denton",2024,182,109,65,7,1,0,0,174,74,44,0,1,122,59,0
"Texas","Ector",2024,180,137,43,0,0,0,0,88,58,34,0,0,0,180,0
"Texas","El Paso",2024,183,45,104,23,7,1,3,431,128,68,1,7,64,64,47
"Texas","Ellis",2024,181,171,10,0,0,0,0,93,47,35,0,2,179,0,0
"Texas","Galveston",2024,182,112,67,3,0,0,0,115,65,47,0,0,109,73,0
"Texas","Gregg",2024,180,166,13,1,0,0,0,129,50,37,0,7,173,0,0
"Texas","Harris",2024,183,27,142,9,4,1,0,201,90,59,1,6,36,130,10
"Texas","Harrison",2024,182,104,75,0,1,2,0,263,64,47,0,0,63,119,0
"Texas","Hidalgo",2024,182,53,106,18,5,0,0,157,105,60,0,0,16,161,5
"Texas","Hood",2024,173,149,24,0,0,0,0,100,61,40,0,0,173,0,0
"Texas","Hunt",2024,181,166,15,0,0,0,0,77,50,37,0,12,169,0,0
"Texas","Jefferson",2024,182,81,97,4,0,0,0,143,67,52,0,0,60,122,0
"Texas","Johnson",2024,177,160,16,1,0,0,0,119,50,38,0,0,177,0,0
"Texas","Karnes",2024,179,179,0,0,0,0,0,28,14,6,0,179,0,0,0
"Texas","Kaufman",2024,178,108,68,2,0,0,0,101,64,47,0,0,94,84,0
"Texas","Kleberg",2024,169,77,88,4,0,0,0,121,81,52,0,0,0,169,0
"Texas","Lubbock",2024,175,162,13,0,0,0,0,91,43,19,0,0,0,175,0
"Texas","Maverick",2024,172,99,73,0,0,0,0,100,79,41,0,0,0,172,0
"Texas","McLennan",2024,183,90,92,1,0,0,0,102,72,51,2,0,51,130,0
"Texas","Montgomery",2024,182,66,106,9,1,0,0,166,85,54,0,1,57,124,0
"Texas","Navarro",2024,182,101,78,3,0,0,0,112,71,48,0,0,89,93,0
"Texas","Nueces",2024,182,64,105,12,1,0,0,153,88,56,0,0,38,144,0
"Texas","Orange",2024,182,134,46,2,0,0,0,119,58,43,0,0,91,91,0
"Texas","Parker",2024,182,170,12,0,0,0,0,100,48,35,0,0,182,0,0
"Texas","Polk",2024,228,219,9,0,0,0,0,93,45,33,0,0,228,0,0
"Texas","Potter",2024,177,162,14,1,0,0,0,138,48,26,0,0,0,177,0
"Texas","Randall",2024,243,177,64,2,0,0,0,108,77,44,0,0,243,0,0
"Texas","Rockwall",2024,175,171,4,0,0,0,0,67,44,33,0,0,175,0,0
"Texas","Smith",2024,182,155,27,0,0,0,0,93,61,40,0,0,182,0,0
"Texas","Tarrant",2024,183,73,104,5,1,0,0,169,78,53,1,5,51,126,0
"Texas","Travis",2024,183,61,120,2,0,0,0,123,77,54,1,0,42,138,2
"Texas","Victoria",2024,182,169,13,0,0,0,0,97,47,36,0,0,182,0,0
"Texas","Webb",2024,183,81,91,11,0,0,0,129,88,52,1,0,64,117,1
"Texas","Wilson",2024,60,60,0,0,0,0,0,25,19,8,0,60,0,0,0
"Utah","Box Elder",2024,274,145,124,5,0,0,0,133,84,49,0,0,224,50,0
"Utah","Cache",2024,274,174,99,1,0,0,0,101,74,45,0,0,200,74,0
"Utah","Carbon",2024,274,189,84,1,0,0,0,112,64,46,0,0,267,7,0
"Utah","Davis",2024,277,168,94,15,0,0,0,133,87,48,0,9,237,27,4
"Utah","Duchesne",2024,274,170,101,2,1,0,0,163,71,47,0,0,225,44,5
"Utah","Garfield",2024,20,20,0,0,0,0,0,11,8,3,0,0,0,20,0
"Utah","Grand",2024,273,193,78,2,0,0,0,105,61,47,0,0,206,67,0
"Utah","Iron",2024,273,216,57,0,0,0,0,100,58,44,0,4,247,22,0
"Utah","Salt Lake",2024,306,156,119,27,3,1,0,230,101,50,1,9,213,80,3
"Utah","San Juan",2024,241,166,72,3,0,0,0,126,71,45,0,0,241,0,0
"Utah","Tooele",2024,274,161,101,12,0,0,0,143,87,48,0,0,230,44,0
"Utah","Uintah",2024,274,175,96,3,0,0,0,119,71,47,0,0,258,16,0
"Utah","Utah",2024,275,151,115,8,1,0,0,151,84,48,1,1,221,52,0
"Utah","Wasatch",2024,92,79,12,1,0,0,0,108,54,42,0,0,87,5,0
"Utah","Washington",2024,274,188,84,2,0,0,0,108,71,47,0,0,271,3,0
"Utah","Wayne",2024,20,20,0,0,0,0,0,9,7,4,0,0,0,20,0
"Utah","Weber",2024,275,174,95,6,0,0,0,122,80,46,1,6,236,29,3
"Vermont","Bennington",2024,182,169,13,0,0,0,0,80,48,38,0,0,156,26,0
"Vermont","Chittenden",2024,183,163,20,0,0,0,0,84,52,39,1,0,144,38,0
"Vermont","Rutland",2024,183,154,29,0,0,0,0,77,55,38,1,0,106,76,0
"Vermont","Windham",2024,19,19,0,0,0,0,0,34,25,8,0,0,0,19,0
"Virgin Islands","St John",2024,10,9,1,0,0,0,0,55,55,19,0,0,0,10,0
"Virginia","Albemarle",2024,272,207,65,0,0,0,0,85,55,43,0,0,126,146,0
"Virginia","Arlington",2024,275,223,48,4,0,0,0,115,61,40,1,26,219,29,0
"Virginia","Bristol City",2024,88,69,19,0,0,0,0,63,55,34,0,0,0,88,0
"Virginia","Caroline",2024,194,192,2,0,0,0,0,77,47,38,0,0,194,0,0
"Virginia","Carroll",2024,40,40,0,0,0,0,0,31,18,9,0,0,0,0,40
"Virginia","Charles",2024,274,244,30,0,0,0,0,75,51,37,0,1,146,127,0
"Virginia","Chesterfield",2024,274,207,67,0,0,0,0,77,56,42,0,0,104,170,0
"Virginia","Fairfax",2024,275,192,80,3,0,0,0,112,61,43,1,18,153,103,0
"Virginia","Fauquier",2024,210,204,6,0,0,0,0,64,46,36,0,0,210,0,0
"Virginia","Frederick",2024,274,205,68,1,0,0,0,102,57,42,0,0,127,147,0
"Virginia","Giles",2024,233,210,23,0,0,0,0,80,50,41,0,0,233,0,0
"Virginia","Hampton City",2024,275,217,58,0,0,0,0,90,55,41,1,1,149,124,0
"Virginia","Hanover",2024,214,198,16,0,0,0,0,74,49,40,0,0,214,0,0
"Virginia","Henrico",2024,275,219,55,1,0,0,0,112,55,42,1,4,155,115,0
"Virginia","Hopewell City",2024,40,40,0,0,0,0,0,30,13,7,0,0,0,0,40
"Virginia","Loudoun",2024,274,175,99,0,0,0,0,87,63,45,0,1,149,124,0
"Virginia","Lynchburg City",2024,90,75,15,0,0,0,0,61,53,29,0,0,0,90,0
"Virginia","Madison",2024,254,230,24,0,0,0,0,90,50,42,0,0,229,23,2
"Virginia","Norfolk City",2024,273,236,37,0,0,0,0,82,52,33,2,24,0,247,0
"Virginia","Prince Edward",2024,244,237,7,0,0,0,0,64,45,35,0,0,244,0,0
"Virginia","Prince William",2024,274,247,27,0,0,0,0,87,50,38,0,3,271,0,0
"Virginia","Richmond City",2024,275,215,60,0,0,0,0,79,54,36,1,44,0,230,0
"Virginia","Roanoke",2024,275,222,53,0,0,0,0,68,54,41,1,4,149,121,0
"Virginia","Rockbridge",2024,234,228,6,0,0,0,0,64,45,37,0,0,214,20,0
"Virginia","Rockingham",2024,274,207,67,0,0,0,0,83,56,44,0,8,139,127,0
"Virginia","Salem City",2024,90,73,17,0,0,0,0,67,55,36,0,0,0,90,0
"Virginia","Stafford",2024,270,262,8,0,0,0,0,90,48,37,0,0,270,0,0
"Virginia","Suffolk City",2024,214,201,13,0,0,0,0,71,48,38,0,0,214,0,0
"Virginia","Virginia Beach City",2024,274,223,51,0,0,0,0,81,55,34,0,0,0,274,0
"Virginia","Wythe",2024,214,205,9,0,0,0,0,67,49,41,0,0,214,0,0
"Washington","Adams",2024,213,207,6,0,0,0,0,65,33,15,0,0,0,213,0
"Washington","Asotin",2024,210,146,60,0,4,0,0,196,69,35,0,0,0,210,0
"Washington","Benton",2024,213,175,36,2,0,0,0,108,58,36,0,0,81,99,33
"Washington","Chelan",2024,213,178,31,3,1,0,0,158,63,25,0,0,0,213,0
"Washington","Clallam",2024,213,198,15,0,0,0,0,59,45,36,0,0,141,72,0
"Washington","Clark",2024,213,192,20,1,0,0,0,105,49,31,0,0,89,124,0
"Washington","Columbia",2024,244,217,27,0,0,0,0,90,51,38,0,0,212,32,0
"Washington","Cowlitz",2024,213,207,6,0,0,0,0,67,34,20,0,0,0,213,0
"Washington","Franklin",2024,213,199,14,0,0,0,0,64,43,16,0,0,0,213,0
"Washington","Garfield",2024,208,192,16,0,0,0,0,75,40,13,0,0,0,208,0
"Washington","Grant",2024,213,194,19,0,0,0,0,76,48,22,0,0,0,213,0
"Washington","Grays Harbor",2024,182,180,2,0,0,0,0,64,27,18,0,0,0,182,0
"Washington","Jefferson",2024,174,172,2,0,0,0,0,57,26,19,0,0,0,174,0
"Washington","King",2024,214,157,50,3,1,1,2,354,58,41,1,3,105,105,0
"Washington","Kitsap",2024,200,196,4,0,0,0,0,69,36,18,0,0,0,200,0
"Washington","Kittitas",2024,213,195,18,0,0,0,0,79,48,20,0,0,0,213,0
"Washington","Klickitat",2024,16,16,0,0,0,0,0,43,16,9,0,0,0,16,0
"Washington","Lewis",2024,205,202,3,0,0,0,0,60,35,20,0,0,0,205,0
"Washington","Mason",2024,213,206,7,0,0,0,0,59,34,16,0,0,0,213,0
"Washington","Okanogan",2024,210,149,61,0,0,0,0,85,60,29,0,0,0,210,0
"Washington","Pacific",2024,194,194,0,0,0,0,0,37,20,14,0,0,0,194,0
"Washington","Pierce",2024,213,169,43,0,1,0,0,166,57,44,0,6,140,67,0
"Washington","Skagit",2024,213,209,4,0,0,0,0,57,39,26,0,0,59,154,0
"Washington","Snohomish",2024,213,155,58,0,0,0,0,99,57,38,0,0,0,213,0
"Washington","Spokane",2024,213,185,28,0,0,0,0,100,56,36,0,0,85,124,4
"Washington","Stevens",2024,213,159,54,0,0,0,0,98,59,27,0,0,0,176,37
"Washington","Thurston",2024,211,203,8,0,0,0,0,85,42,26,0,0,89,122,0
"Washington","Walla Walla",2024,213,189,24,0,0,0,0,79,53,20,0,0,0,123,90
"Washington","Whatcom",2024,208,204,4,0,0,0,0,61,44,32,0,0,69,139,0
"Washington","Whitman",2024,213,196,17,0,0,0,0,80,43,16,0,0,0,213,0
"Washington","Yakima",2024,213,162,47,3,1,0,0,153,61,31,0,0,0,212,1
"West Virginia","Berkeley",2024,139,109,30,0,0,0,0,97,61,44,0,0,112,27,0
"West Virginia","Brooke",2024,274,202,72,0,0,0,0,72,57,38,0,0,0,274,0
"West Virginia","Cabell",2024,182,132,50,0,0,0,0,84,55,42,0,0,81,101,0
"West Virginia","Greenbrier",2024,123,117,6,0,0,0,0,64,48,41,0,0,123,0,0
"West Virginia","Hancock",2024,272,187,85,0,0,0,0,97,65,43,0,0,154,118,0
"West Virginia","Harrison",2024,56,45,11,0,0,0,0,59,56,35,0,0,0,56,0
"West Virginia","Kanawha",2024,183,153,30,0,0,0,0,67,55,37,4,0,94,85,0
"West Virginia","Marion",2024,53,42,11,0,0,0,0,61,54,32,0,0,0,53,0
"West Virginia","Marshall",2024,274,201,73,0,0,0,0,81,59,39,0,0,0,274,0
"West Virginia","Monongalia",2024,139,116,23,0,0,0,0,71,53,42,0,0,109,30,0
"West Virginia","Ohio",2024,222,175,47,0,0,0,0,84,58,42,0,0,165,57,0
"West Virginia","Tucker",2024,236,221,15,0,0,0,0,71,49,41,0,0,233,3,0
"West Virginia","Wood",2024,140,111,29,0,0,0,0,100,58,42,0,0,106,34,0
"Wisconsin","Ashland",2024,182,176,6,0,0,0,0,90,44,36,0,0,156,26,0
"Wisconsin","Brown",2024,182,153,29,0,0,0,0,86,60,38,0,0,91,91,0
"Wisconsin","Columbia",2024,97,88,9,0,0,0,0,74,50,41,0,0,97,0,0
"Wisconsin","Dane",2024,182,133,49,0,0,0,0,77,58,42,0,0,69,104,9
"Wisconsin","Dodge",2024,183,153,30,0,0,0,0,84,53,39,1,0,145,37,0
"Wisconsin","Door",2024,98,89,9,0,0,0,0,90,50,40,0,0,98,0,0
"Wisconsin","Eau Claire",2024,182,151,30,1,0,0,0,142,55,40,0,0,89,93,0
"Wisconsin","Fond du Lac",2024,98,92,6,0,0,0,0,67,49,40,0,0,98,0,0
"Wisconsin","Forest",2024,182,158,23,0,1,0,0,153,52,39,0,0,140,42,0
"Wisconsin","Grant",2024,182,145,37,0,0,0,0,80,54,31,0,0,0,182,0
"Wisconsin","Jackson",2024,101,91,10,0,0,0,0,95,49,26,0,0,0,101,0
"Wisconsin","Jefferson",2024,97,84,13,0,0,0,0,87,51,41,0,0,97,0,0
"Wisconsin","Kenosha",2024,182,138,42,2,0,0,0,143,64,41,0,0,115,67,0
"Wisconsin","Kewaunee",2024,91,81,10,0,0,0,0,84,51,41,0,0,91,0,0
"Wisconsin","La Crosse",2024,98,90,8,0,0,0,0,67,49,41,0,0,98,0,0
"Wisconsin","Manitowoc",2024,98,87,8,3,0,0,0,115,51,41,0,0,98,0,0
"Wisconsin","Marathon",2024,182,157,24,0,1,0,0,151,53,38,0,0,92,90,0
"Wisconsin","Milwaukee",2024,183,140,42,1,0,0,0,129,64,42,1,8,84,86,4
"Wisconsin","Monroe",2024,141,118,23,0,0,0,0,90,54,27,0,0,0,141,0
"Wisconsin","Outagamie",2024,182,150,32,0,0,0,0,99,58,38,0,0,91,91,0
"Wisconsin","Ozaukee",2024,182,151,29,2,0,0,0,119,61,39,0,0,97,85,0
"Wisconsin","Racine",2024,98,78,19,1,0,0,0,140,64,44,0,0,98,0,0
"Wisconsin","Rock",2024,98,80,18,0,0,0,0,77,58,43,0,0,98,0,0
"Wisconsin","Sauk",2024,182,157,25,0,0,0,0,66,53,38,0,0,89,93,0
"Wisconsin","Sheboygan",2024,98,85,10,3,0,0,0,133,58,42,0,0,98,0,0
"Wisconsin","Taylor",2024,244,239,5,0,0,0,0,80,45,37,0,0,244,0,0
"Wisconsin","Vilas",2024,98,93,5,0,0,0,0,93,48,41,0,0,98,0,0
"Wisconsin","Walworth",2024,98,76,22,0,0,0,0,97,61,44,0,0,98,0,0
"Wisconsin","Waukesha",2024,182,139,43,0,0,0,0,100,61,41,0,0,92,90,0
"Wyoming","Albany",2024,240,117,110,12,1,0,0,187,87,51,0,0,204,5,31
"Wyoming","Big Horn",2024,174,161,13,0,0,0,0,84,49,39,0,0,174,0,0
"Wyoming","Campbell",2024,211,150,60,1,0,0,0,103,61,43,0,0,122,33,56
"Wyoming","Carbon",2024,181,181,0,0,0,0,0,35,16,8,0,181,0,0,0
"Wyoming","Converse",2024,183,170,13,0,0,0,0,76,49,41,1,0,167,0,15
"Wyoming","Fremont",2024,213,133,80,0,0,0,0,100,67,48,0,0,145,68,0
"Wyoming","Johnson",2024,180,172,8,0,0,0,0,71,47,39,0,1,175,0,4
"Wyoming","Laramie",2024,183,145,38,0,0,0,0,80,58,45,1,0,161,20,1
"Wyoming","Lincoln",2024,182,158,24,0,0,0,0,77,54,44,0,1,158,6,17
"Wyoming","Natrona",2024,182,157,25,0,0,0,0,80,54,43,0,0,179,3,0
"Wyoming","Park",2024,200,182,18,0,0,0,0,88,43,13,0,0,0,200,0
"Wyoming","Platte",2024,182,167,11,3,1,0,0,161,45,14,0,0,0,0,182
"Wyoming","Sheridan",2024,213,177,34,1,0,1,0,205,61,43,0,0,150,61,2
"Wyoming","Sublette",2024,244,156,87,1,0,0,0,101,74,47,0,0,242,2,0
"Wyoming","Sweetwater",2024,213,154,57,2,0,0,0,137,64,45,0,1,156,33,23
"Wyoming","Teton",2024,244,158,85,1,0,0,0,105,67,47,0,0,208,33,3
"Wyoming","Uinta",2024,182,182,0,0,0,0,0,22,13,6,0,0,0,0,182
"Wyoming","Washakie",2024,176,163,13,0,0,0,0,71,47,9,0,0,0,176,0
"Wyoming","Weston",2024,181,175,6,0,0,0,0,71,47,39,0,0,181,0,0
